# Blender 4.3.0
# www.blender.org
mtllib uchigatana_sheath_alter.mtl
o cube.170
v 0.415168 -1.058170 0.397711
v 0.415168 -1.058170 0.401149
v 0.415168 -1.053014 0.397711
v 0.415168 -1.053014 0.401149
v 0.379074 -1.058170 0.401149
v 0.379074 -1.058170 0.397711
v 0.379074 -1.053014 0.401149
v 0.379074 -1.053014 0.397711
v 0.405715 0.608158 0.397711
v 0.405715 0.608158 0.480211
v 0.405715 0.677767 0.397711
v 0.405715 0.677767 0.480211
v 0.388527 0.608158 0.480211
v 0.388527 0.608158 0.397711
v 0.388527 0.677767 0.480211
v 0.388527 0.677767 0.397711
v 0.403772 -1.039664 0.468148
v 0.403772 -1.027322 0.478142
v 0.403772 -0.996139 0.414399
v 0.403772 -0.983797 0.424393
v 0.389610 -1.027322 0.478142
v 0.389610 -1.039664 0.468148
v 0.389610 -0.983797 0.424393
v 0.389610 -0.996139 0.414399
v 0.403738 -1.058582 0.476477
v 0.403738 -1.055644 0.478857
v 0.403738 -1.054061 0.470894
v 0.403738 -1.051123 0.473274
v 0.389644 -1.055644 0.478857
v 0.389644 -1.058582 0.476477
v 0.389644 -1.051123 0.473274
v 0.389644 -1.054061 0.470894
v 0.403566 -1.024483 0.468158
v 0.403566 -1.024483 0.478470
v 0.403566 -1.007639 0.468158
v 0.403566 -1.007639 0.478470
v 0.389816 -1.024483 0.478470
v 0.389816 -1.024483 0.468158
v 0.389816 -1.007639 0.478470
v 0.389816 -1.007639 0.468158
v 0.403635 -1.009520 0.464025
v 0.403635 -0.992048 0.478173
v 0.403635 -0.995588 0.446821
v 0.403635 -0.978117 0.460969
v 0.389747 -0.992048 0.478173
v 0.389747 -1.009520 0.464025
v 0.389747 -0.978117 0.460969
v 0.389747 -0.995588 0.446821
v 0.403841 -1.051227 0.467883
v 0.403841 -1.051227 0.478745
v 0.403841 -1.014583 0.467883
v 0.403841 -1.014583 0.478745
v 0.389541 -1.051227 0.478745
v 0.389541 -1.051227 0.467883
v 0.389541 -1.014583 0.478745
v 0.389541 -1.014583 0.467883
v 0.403704 -1.025322 0.469439
v 0.403704 -1.014423 0.478265
v 0.403704 -0.993998 0.430756
v 0.403704 -0.983098 0.439582
v 0.389679 -1.014423 0.478265
v 0.389679 -1.025322 0.469439
v 0.389679 -0.983098 0.439582
v 0.389679 -0.993998 0.430756
v 0.403738 -1.055764 0.475720
v 0.403738 -1.055764 0.478642
v 0.403738 -1.050780 0.475720
v 0.403738 -1.050780 0.478642
v 0.389644 -1.055764 0.478642
v 0.389644 -1.055764 0.475720
v 0.389644 -1.050780 0.478642
v 0.389644 -1.050780 0.475720
v 0.403841 -1.054207 0.470909
v 0.403841 -1.045765 0.477745
v 0.403841 -0.995993 0.399021
v 0.403841 -0.987551 0.405857
v 0.389541 -1.045765 0.477745
v 0.389541 -1.054207 0.470909
v 0.389541 -0.987551 0.405857
v 0.389541 -0.995993 0.399021
v 0.403635 -1.007708 0.466370
v 0.403635 -1.007708 0.478539
v 0.403635 -0.991586 0.466370
v 0.403635 -0.991586 0.478539
v 0.389747 -1.007708 0.478539
v 0.389747 -1.007708 0.466370
v 0.389747 -0.991586 0.478539
v 0.389747 -0.991586 0.466370
v 0.403566 -0.995952 0.399408
v 0.403566 -0.995952 0.478470
v 0.403566 0.670376 0.399408
v 0.403566 0.670376 0.478470
v 0.389816 -0.995952 0.478470
v 0.389816 -0.995952 0.399408
v 0.389816 0.670376 0.478470
v 0.389816 0.670376 0.399408
v 0.403738 -1.054905 0.472798
v 0.403738 -1.054905 0.475720
v 0.403738 -1.050780 0.472798
v 0.403738 -1.050780 0.475720
v 0.389644 -1.054905 0.475720
v 0.389644 -1.054905 0.472798
v 0.389644 -1.050780 0.475720
v 0.389644 -1.050780 0.472798
v 0.419465 0.668658 0.378804
v 0.419465 0.668658 0.499117
v 0.419465 0.691861 0.378804
v 0.419465 0.691861 0.499117
v 0.374777 0.668658 0.499117
v 0.374777 0.668658 0.378804
v 0.374777 0.691861 0.499117
v 0.374777 0.691861 0.378804
v 0.419740 0.659789 0.495404
v 0.419740 0.659789 0.499392
v 0.419740 0.669792 0.495404
v 0.419740 0.669792 0.499392
v 0.374502 0.659789 0.499392
v 0.374502 0.659789 0.495404
v 0.374502 0.669792 0.499392
v 0.374502 0.669792 0.495404
v 0.419740 0.659789 0.378529
v 0.419740 0.659789 0.382517
v 0.419740 0.669792 0.378529
v 0.419740 0.669792 0.382517
v 0.374502 0.659789 0.382517
v 0.374502 0.659789 0.378529
v 0.374502 0.669792 0.382517
v 0.374502 0.669792 0.378529
v 0.419533 0.659976 0.495720
v 0.419533 0.669795 0.499294
v 0.419533 0.665607 0.480248
v 0.419533 0.675427 0.483822
v 0.412521 0.669795 0.499294
v 0.412521 0.659976 0.495720
v 0.412521 0.675427 0.483822
v 0.412521 0.665607 0.480248
v 0.419602 0.665024 0.482184
v 0.419602 0.675451 0.484022
v 0.419602 0.668802 0.460755
v 0.419602 0.679229 0.462593
v 0.412452 0.675451 0.484022
v 0.412452 0.665024 0.482184
v 0.412452 0.679229 0.462593
v 0.412452 0.668802 0.460755
v 0.419740 0.659789 0.436967
v 0.419740 0.659789 0.440955
v 0.419740 0.667214 0.436967
v 0.419740 0.667214 0.440955
v 0.412315 0.659789 0.440955
v 0.412315 0.659789 0.436967
v 0.412315 0.667214 0.440955
v 0.412315 0.667214 0.436967
v 0.419568 0.665098 0.451721
v 0.419568 0.674631 0.447275
v 0.419568 0.659926 0.440630
v 0.419568 0.669460 0.436184
v 0.412486 0.674631 0.447275
v 0.412486 0.665098 0.451721
v 0.412486 0.669460 0.436184
v 0.412486 0.659926 0.440630
v 0.419636 0.668964 0.465976
v 0.419636 0.679208 0.463038
v 0.419636 0.664369 0.449950
v 0.419636 0.674612 0.447012
v 0.412418 0.679208 0.463038
v 0.412418 0.668964 0.465976
v 0.412418 0.674612 0.447012
v 0.412418 0.664369 0.449950
v 0.419740 0.690726 0.495404
v 0.419740 0.690726 0.499392
v 0.419740 0.700729 0.495404
v 0.419740 0.700729 0.499392
v 0.374502 0.690726 0.499392
v 0.374502 0.690726 0.495404
v 0.374502 0.700729 0.499392
v 0.374502 0.700729 0.495404
v 0.419740 0.690726 0.378529
v 0.419740 0.690726 0.382517
v 0.419740 0.700729 0.378529
v 0.419740 0.700729 0.382517
v 0.374502 0.690726 0.382517
v 0.374502 0.690726 0.378529
v 0.374502 0.700729 0.382517
v 0.374502 0.700729 0.378529
v 0.419740 0.693304 0.436967
v 0.419740 0.693304 0.440955
v 0.419740 0.700729 0.436967
v 0.419740 0.700729 0.440955
v 0.374502 0.693304 0.440955
v 0.374502 0.693304 0.436967
v 0.374502 0.700729 0.440955
v 0.374502 0.700729 0.436967
v 0.419568 0.667695 0.499014
v 0.419568 0.667695 0.512970
v 0.419568 0.692823 0.499014
v 0.419568 0.692823 0.512970
v 0.374674 0.667695 0.512970
v 0.374674 0.667695 0.499014
v 0.374674 0.692823 0.512970
v 0.374674 0.692823 0.499014
v 0.419568 0.667695 0.364951
v 0.419568 0.667695 0.378908
v 0.419568 0.692823 0.364951
v 0.419568 0.692823 0.378908
v 0.374674 0.667695 0.378908
v 0.374674 0.667695 0.364951
v 0.374674 0.692823 0.378908
v 0.374674 0.692823 0.364951
v 0.419465 0.662796 0.503490
v 0.419465 0.665711 0.501668
v 0.419465 0.660064 0.499117
v 0.419465 0.662979 0.497296
v 0.374777 0.665711 0.501668
v 0.374777 0.662796 0.503490
v 0.374777 0.662979 0.497296
v 0.374777 0.660064 0.499117
v 0.419465 0.680316 0.500349
v 0.419465 0.667798 0.512867
v 0.419465 0.692834 0.512867
v 0.419465 0.680316 0.525385
v 0.374777 0.667798 0.512867
v 0.374777 0.680316 0.500349
v 0.374777 0.680316 0.525385
v 0.374777 0.692834 0.512867
v 0.419465 0.680316 0.352537
v 0.419465 0.667798 0.365055
v 0.419465 0.692834 0.365055
v 0.419465 0.680316 0.377573
v 0.374777 0.667798 0.365055
v 0.374777 0.680316 0.352537
v 0.374777 0.680316 0.377573
v 0.374777 0.692834 0.365055
v 0.419465 0.667724 0.506940
v 0.419465 0.669695 0.504124
v 0.419465 0.662796 0.503490
v 0.419465 0.664768 0.500674
v 0.374777 0.669695 0.504124
v 0.374777 0.667724 0.506940
v 0.374777 0.664768 0.500674
v 0.374777 0.662796 0.503490
v 0.419465 0.669695 0.373797
v 0.419465 0.667724 0.370982
v 0.419465 0.664768 0.377248
v 0.419465 0.662796 0.374432
v 0.374777 0.667724 0.370982
v 0.374777 0.669695 0.373797
v 0.374777 0.662796 0.374432
v 0.374777 0.664768 0.377248
v 0.419465 0.665711 0.376253
v 0.419465 0.662796 0.374432
v 0.419465 0.662979 0.380626
v 0.419465 0.660064 0.378805
v 0.374777 0.662796 0.374432
v 0.374777 0.665711 0.376253
v 0.374777 0.660064 0.378805
v 0.374777 0.662979 0.380626
v 0.419465 0.695750 0.377248
v 0.419465 0.697722 0.374432
v 0.419465 0.690822 0.373797
v 0.419465 0.692794 0.370982
v 0.374777 0.697722 0.374432
v 0.374777 0.695750 0.377248
v 0.374777 0.692794 0.370982
v 0.374777 0.690822 0.373797
v 0.419465 0.697539 0.380626
v 0.419465 0.700454 0.378804
v 0.419465 0.694807 0.376253
v 0.419465 0.697722 0.374432
v 0.374777 0.700454 0.378804
v 0.374777 0.697539 0.380626
v 0.374777 0.697722 0.374432
v 0.374777 0.694807 0.376253
v 0.419465 0.700454 0.499117
v 0.419465 0.697539 0.497296
v 0.419465 0.697722 0.503490
v 0.419465 0.694807 0.501669
v 0.374777 0.697539 0.497296
v 0.374777 0.700454 0.499117
v 0.374777 0.694807 0.501669
v 0.374777 0.697722 0.503490
v 0.419465 0.697722 0.503490
v 0.419465 0.695750 0.500674
v 0.419465 0.692794 0.506940
v 0.419465 0.690822 0.504124
v 0.374777 0.695750 0.500674
v 0.374777 0.697722 0.503490
v 0.374777 0.690822 0.504124
v 0.374777 0.692794 0.506940
v 0.419636 0.679208 0.414883
v 0.419636 0.668964 0.411946
v 0.419636 0.674612 0.430909
v 0.419636 0.664369 0.427972
v 0.412418 0.668964 0.411946
v 0.412418 0.679208 0.414883
v 0.412418 0.664369 0.427972
v 0.412418 0.674612 0.430909
v 0.419568 0.674632 0.430646
v 0.419568 0.665098 0.426201
v 0.419568 0.669460 0.441737
v 0.419568 0.659926 0.437292
v 0.412486 0.665098 0.426201
v 0.412486 0.674632 0.430646
v 0.412486 0.659926 0.437292
v 0.412486 0.669460 0.441737
v 0.419602 0.675451 0.393899
v 0.419602 0.665024 0.395738
v 0.419602 0.679229 0.415328
v 0.419602 0.668802 0.417166
v 0.412452 0.665024 0.395738
v 0.412452 0.675451 0.393899
v 0.412452 0.668802 0.417166
v 0.412452 0.679229 0.415328
v 0.419533 0.669795 0.378627
v 0.419533 0.659975 0.382201
v 0.419533 0.675427 0.394099
v 0.419533 0.665607 0.397674
v 0.412521 0.659975 0.382201
v 0.412521 0.669795 0.378627
v 0.412521 0.665607 0.397674
v 0.412521 0.675427 0.394099
v 0.419533 0.685091 0.394099
v 0.419533 0.694911 0.397673
v 0.419533 0.690723 0.378627
v 0.419533 0.700543 0.382201
v 0.374708 0.694911 0.397673
v 0.374708 0.685091 0.394099
v 0.374708 0.700543 0.382201
v 0.374708 0.690723 0.378627
v 0.419602 0.681289 0.415328
v 0.419602 0.691716 0.417166
v 0.419602 0.685068 0.393899
v 0.419602 0.695494 0.395737
v 0.374640 0.691716 0.417166
v 0.374640 0.681289 0.415328
v 0.374640 0.695494 0.395737
v 0.374640 0.685068 0.393899
v 0.419568 0.691058 0.441737
v 0.419568 0.700591 0.437292
v 0.419568 0.685886 0.430646
v 0.419568 0.695420 0.426201
v 0.374674 0.700591 0.437292
v 0.374674 0.691058 0.441737
v 0.374674 0.695420 0.426201
v 0.374674 0.685886 0.430646
v 0.419636 0.685906 0.430909
v 0.419636 0.696149 0.427972
v 0.419636 0.681310 0.414883
v 0.419636 0.691554 0.411946
v 0.374605 0.696149 0.427972
v 0.374605 0.685906 0.430909
v 0.374605 0.691554 0.411946
v 0.374605 0.681310 0.414883
v 0.419568 0.700591 0.440630
v 0.419568 0.691058 0.436184
v 0.419568 0.695420 0.451721
v 0.419568 0.685886 0.447275
v 0.374674 0.691058 0.436184
v 0.374674 0.700591 0.440630
v 0.374674 0.685886 0.447275
v 0.374674 0.695420 0.451721
v 0.419636 0.696149 0.449950
v 0.419636 0.685906 0.447013
v 0.419636 0.691554 0.465976
v 0.419636 0.681310 0.463039
v 0.374605 0.685906 0.447013
v 0.374605 0.696149 0.449950
v 0.374605 0.681310 0.463039
v 0.374605 0.691554 0.465976
v 0.419602 0.691716 0.460755
v 0.419602 0.681289 0.462594
v 0.419602 0.695494 0.482184
v 0.419602 0.685068 0.484022
v 0.374640 0.681289 0.462594
v 0.374640 0.691716 0.460755
v 0.374640 0.685068 0.484022
v 0.374640 0.695494 0.482184
v 0.419533 0.694911 0.480248
v 0.419533 0.685091 0.483822
v 0.419533 0.700543 0.495721
v 0.419533 0.690723 0.499295
v 0.374708 0.685091 0.483822
v 0.374708 0.694911 0.480248
v 0.374708 0.690723 0.499295
v 0.374708 0.700543 0.495721
v 0.418605 0.701917 0.460915
v 0.418605 0.691761 0.462705
v 0.418605 0.705050 0.478687
v 0.418605 0.694895 0.480478
v 0.375636 0.691761 0.462705
v 0.375636 0.701917 0.460915
v 0.375636 0.694895 0.480478
v 0.375636 0.705050 0.478687
v 0.418708 0.706376 0.449997
v 0.418708 0.696265 0.447098
v 0.418708 0.701819 0.465891
v 0.418708 0.691708 0.462992
v 0.375533 0.696265 0.447098
v 0.375533 0.706376 0.449997
v 0.375533 0.691708 0.462992
v 0.375533 0.701819 0.465891
v 0.418605 0.710767 0.440680
v 0.418605 0.701420 0.436322
v 0.418605 0.705682 0.451584
v 0.418605 0.696336 0.447226
v 0.375636 0.701420 0.436322
v 0.375636 0.710767 0.440680
v 0.375636 0.696336 0.447226
v 0.375636 0.705682 0.451584
v 0.418777 0.703720 0.437070
v 0.418777 0.703720 0.440851
v 0.418777 0.710939 0.437070
v 0.418777 0.710939 0.440851
v 0.375465 0.703720 0.440851
v 0.375465 0.703720 0.437070
v 0.375465 0.710939 0.440851
v 0.375465 0.710939 0.437070
v 0.418605 0.701420 0.441600
v 0.418605 0.710767 0.437242
v 0.418605 0.696336 0.430696
v 0.418605 0.705682 0.426338
v 0.375636 0.710767 0.437242
v 0.375636 0.701420 0.441600
v 0.375636 0.705682 0.426338
v 0.375636 0.696336 0.430696
v 0.418708 0.696265 0.430824
v 0.418708 0.706377 0.427924
v 0.418708 0.691708 0.414930
v 0.418708 0.701819 0.412031
v 0.375533 0.706377 0.427924
v 0.375533 0.696265 0.430824
v 0.375533 0.701819 0.412031
v 0.375533 0.691708 0.414930
v 0.418605 0.691761 0.415216
v 0.418605 0.701917 0.417007
v 0.418605 0.694895 0.397444
v 0.418605 0.705050 0.399234
v 0.375636 0.701917 0.417007
v 0.375636 0.691761 0.415216
v 0.375636 0.705050 0.399234
v 0.375636 0.694895 0.397444
v 0.419740 0.667214 0.436108
v 0.419740 0.667214 0.441814
v 0.419740 0.671201 0.436108
v 0.419740 0.671201 0.441814
v 0.412315 0.667214 0.441814
v 0.412315 0.667214 0.436108
v 0.412315 0.671201 0.441814
v 0.412315 0.671201 0.436108
v 0.419740 0.689317 0.436108
v 0.419740 0.689317 0.441814
v 0.419740 0.693304 0.436108
v 0.419740 0.693304 0.441814
v 0.374502 0.689317 0.441814
v 0.374502 0.689317 0.436108
v 0.374502 0.693304 0.441814
v 0.374502 0.693304 0.436108
v 0.419465 0.692720 0.499117
v 0.419465 0.692720 0.503414
v 0.419465 0.697017 0.499117
v 0.419465 0.697017 0.503414
v 0.374777 0.692720 0.503414
v 0.374777 0.692720 0.499117
v 0.374777 0.697017 0.503414
v 0.374777 0.697017 0.499117
v 0.419465 0.663501 0.499117
v 0.419465 0.663501 0.503414
v 0.419465 0.667798 0.499117
v 0.419465 0.667798 0.503414
v 0.374777 0.663501 0.503414
v 0.374777 0.663501 0.499117
v 0.374777 0.667798 0.503414
v 0.374777 0.667798 0.499117
v 0.419465 0.663501 0.374508
v 0.419465 0.663501 0.378804
v 0.419465 0.667798 0.374508
v 0.419465 0.667798 0.378804
v 0.374777 0.663501 0.378804
v 0.374777 0.663501 0.374508
v 0.374777 0.667798 0.378804
v 0.374777 0.667798 0.374508
v 0.419465 0.692720 0.374508
v 0.419465 0.692720 0.378804
v 0.419465 0.697017 0.374508
v 0.419465 0.697017 0.378804
v 0.374777 0.692720 0.378804
v 0.374777 0.692720 0.374508
v 0.374777 0.697017 0.378804
v 0.374777 0.697017 0.374508
v 0.418777 0.691988 0.478515
v 0.418777 0.691988 0.482297
v 0.418777 0.705223 0.478515
v 0.418777 0.705223 0.482297
v 0.375465 0.691988 0.482297
v 0.375465 0.691988 0.478515
v 0.375465 0.705223 0.482297
v 0.375465 0.705223 0.478515
v 0.418777 0.691988 0.395625
v 0.418777 0.691988 0.399406
v 0.418777 0.705223 0.395625
v 0.418777 0.705223 0.399406
v 0.375465 0.691988 0.399406
v 0.375465 0.691988 0.395625
v 0.375465 0.705223 0.399406
v 0.375465 0.705223 0.395625
v 0.418777 0.699939 0.436211
v 0.418777 0.699939 0.441711
v 0.418777 0.703720 0.436211
v 0.418777 0.703720 0.441711
v 0.375465 0.699939 0.441711
v 0.375465 0.699939 0.436211
v 0.375465 0.703720 0.441711
v 0.375465 0.703720 0.436211
v 0.418605 0.767781 0.424377
v 0.418605 0.753197 0.438961
v 0.418605 0.782365 0.438961
v 0.418605 0.767781 0.453545
v 0.376496 0.753197 0.438961
v 0.376496 0.767781 0.424377
v 0.376496 0.767781 0.453545
v 0.376496 0.782365 0.438961
v 0.418605 1.180281 0.424377
v 0.418605 1.165696 0.438961
v 0.418605 1.194865 0.438961
v 0.418605 1.180281 0.453545
v 0.376496 1.165696 0.438961
v 0.376496 1.180281 0.424377
v 0.376496 1.180281 0.453545
v 0.376496 1.194865 0.438961
v 0.381721 0.659976 0.495720
v 0.381721 0.669795 0.499294
v 0.381721 0.665607 0.480248
v 0.381721 0.675427 0.483822
v 0.374708 0.669795 0.499294
v 0.374708 0.659976 0.495720
v 0.374708 0.675427 0.483822
v 0.374708 0.665607 0.480248
v 0.381789 0.665024 0.482184
v 0.381789 0.675451 0.484022
v 0.381789 0.668802 0.460755
v 0.381789 0.679229 0.462593
v 0.374640 0.675451 0.484022
v 0.374640 0.665024 0.482184
v 0.374640 0.679229 0.462593
v 0.374640 0.668802 0.460755
v 0.381824 0.668964 0.465976
v 0.381824 0.679208 0.463038
v 0.381824 0.664369 0.449950
v 0.381824 0.674612 0.447012
v 0.374605 0.679208 0.463038
v 0.374605 0.668964 0.465976
v 0.374605 0.674612 0.447012
v 0.374605 0.664369 0.449950
v 0.381755 0.665098 0.451721
v 0.381755 0.674631 0.447275
v 0.381755 0.659926 0.440630
v 0.381755 0.669460 0.436184
v 0.374674 0.674631 0.447275
v 0.374674 0.665098 0.451721
v 0.374674 0.669460 0.436184
v 0.374674 0.659926 0.440630
v 0.381927 0.667214 0.436108
v 0.381927 0.667214 0.441814
v 0.381927 0.671201 0.436108
v 0.381927 0.671201 0.441814
v 0.374502 0.667214 0.441814
v 0.374502 0.667214 0.436108
v 0.374502 0.671201 0.441814
v 0.374502 0.671201 0.436108
v 0.381927 0.659789 0.436967
v 0.381927 0.659789 0.440955
v 0.381927 0.667214 0.436967
v 0.381927 0.667214 0.440955
v 0.374502 0.659789 0.440955
v 0.374502 0.659789 0.436967
v 0.374502 0.667214 0.440955
v 0.374502 0.667214 0.436967
v 0.381755 0.674632 0.430646
v 0.381755 0.665098 0.426201
v 0.381755 0.669460 0.441737
v 0.381755 0.659926 0.437292
v 0.374674 0.665098 0.426201
v 0.374674 0.674632 0.430646
v 0.374674 0.659926 0.437292
v 0.374674 0.669460 0.441737
v 0.381789 0.675451 0.393899
v 0.381789 0.665024 0.395738
v 0.381789 0.679229 0.415328
v 0.381789 0.668802 0.417166
v 0.374640 0.665024 0.395738
v 0.374640 0.675451 0.393899
v 0.374640 0.668802 0.417166
v 0.374640 0.679229 0.415328
v 0.381824 0.679208 0.414883
v 0.381824 0.668964 0.411946
v 0.381824 0.674612 0.430909
v 0.381824 0.664369 0.427972
v 0.374605 0.668964 0.411946
v 0.374605 0.679208 0.414883
v 0.374605 0.664369 0.427972
v 0.374605 0.674612 0.430909
v 0.381721 0.669795 0.378627
v 0.381721 0.659975 0.382201
v 0.381721 0.675427 0.394099
v 0.381721 0.665607 0.397674
v 0.374708 0.659975 0.382201
v 0.374708 0.669795 0.378627
v 0.374708 0.665607 0.397674
v 0.374708 0.675427 0.394099
v 0.419636 0.690661 0.378494
v 0.419636 0.693407 0.379494
v 0.419636 0.692836 0.372518
v 0.419636 0.695582 0.373518
v 0.374605 0.693407 0.379494
v 0.374605 0.690661 0.378494
v 0.374605 0.695582 0.373518
v 0.374605 0.692836 0.372518
v 0.419636 0.667682 0.372519
v 0.419636 0.664936 0.373518
v 0.419636 0.669857 0.378495
v 0.419636 0.667111 0.379494
v 0.374605 0.664936 0.373518
v 0.374605 0.667682 0.372519
v 0.374605 0.667111 0.379494
v 0.374605 0.669857 0.378495
v 0.419636 0.693407 0.498428
v 0.419636 0.690661 0.499427
v 0.419636 0.695582 0.504403
v 0.419636 0.692836 0.505403
v 0.374605 0.690661 0.499427
v 0.374605 0.693407 0.498428
v 0.374605 0.692836 0.505403
v 0.374605 0.695582 0.504403
v 0.419636 0.664936 0.504403
v 0.419636 0.667682 0.505402
v 0.419636 0.667111 0.498427
v 0.419636 0.669857 0.499427
v 0.374605 0.667682 0.505402
v 0.374605 0.664936 0.504403
v 0.374605 0.669857 0.499427
v 0.374605 0.667111 0.498427
v 0.419207 1.316643 0.396196
v 0.419207 1.316643 0.482133
v 0.419207 1.345003 0.396196
v 0.419207 1.345003 0.482133
v 0.375379 1.316643 0.482133
v 0.375379 1.316643 0.396196
v 0.375379 1.345003 0.482133
v 0.375379 1.345003 0.396196
v 0.417918 0.671064 0.397883
v 0.417918 0.671064 0.480383
v 0.417918 1.320751 0.397883
v 0.417918 1.320751 0.480383
v 0.376668 0.671064 0.480383
v 0.376668 0.671064 0.397883
v 0.376668 1.320751 0.480383
v 0.376668 1.320751 0.397883
v 0.419207 1.274534 0.396196
v 0.419207 1.274534 0.409946
v 0.419207 1.316643 0.396196
v 0.419207 1.316643 0.409946
v 0.375379 1.274534 0.409946
v 0.375379 1.274534 0.396196
v 0.375379 1.316643 0.409946
v 0.375379 1.316643 0.396196
v 0.419207 1.274534 0.468383
v 0.419207 1.274534 0.482133
v 0.419207 1.316643 0.468383
v 0.419207 1.316643 0.482133
v 0.375379 1.274534 0.482133
v 0.375379 1.274534 0.468383
v 0.375379 1.316643 0.482133
v 0.375379 1.316643 0.468383
v 0.419379 1.343971 0.437274
v 0.419379 1.343971 0.441055
v 0.419379 1.356346 0.437274
v 0.419379 1.356346 0.441055
v 0.375207 1.343971 0.441055
v 0.375207 1.343971 0.437274
v 0.375207 1.356346 0.441055
v 0.375207 1.356346 0.437274
v 0.419310 1.333138 0.479247
v 0.419310 1.344945 0.482465
v 0.419310 1.344494 0.437592
v 0.419310 1.356301 0.440811
v 0.375275 1.344945 0.482465
v 0.375275 1.333138 0.479247
v 0.375275 1.356301 0.440811
v 0.375275 1.344494 0.437592
v 0.419310 1.344945 0.395863
v 0.419310 1.333138 0.399082
v 0.419310 1.356301 0.437518
v 0.419310 1.344495 0.440737
v 0.375275 1.333138 0.399082
v 0.375275 1.344945 0.395863
v 0.375275 1.344495 0.440737
v 0.375275 1.356301 0.437518
v 0.419207 1.256487 0.478696
v 0.419207 1.256487 0.482133
v 0.419207 1.274534 0.478696
v 0.419207 1.274534 0.482133
v 0.375379 1.256487 0.482133
v 0.375379 1.256487 0.478696
v 0.375379 1.274534 0.482133
v 0.375379 1.274534 0.478696
v 0.419207 1.256487 0.396196
v 0.419207 1.256487 0.399633
v 0.419207 1.274534 0.396196
v 0.419207 1.274534 0.399633
v 0.375379 1.256487 0.399633
v 0.375379 1.256487 0.396196
v 0.375379 1.274534 0.399633
v 0.375379 1.274534 0.396196
v 0.419207 1.305471 0.458071
v 0.419207 1.305471 0.467524
v 0.419207 1.316643 0.458071
v 0.419207 1.316643 0.467524
v 0.375379 1.305471 0.467524
v 0.375379 1.305471 0.458071
v 0.375379 1.316643 0.467524
v 0.375379 1.316643 0.458071
v 0.419207 1.305471 0.410805
v 0.419207 1.305471 0.420258
v 0.419207 1.316643 0.410805
v 0.419207 1.316643 0.420258
v 0.375379 1.305471 0.420258
v 0.375379 1.305471 0.410805
v 0.375379 1.316643 0.420258
v 0.375379 1.316643 0.410805
v 0.419310 1.297639 0.469498
v 0.419310 1.303510 0.473458
v 0.419310 1.305443 0.457927
v 0.419310 1.311314 0.461887
v 0.375275 1.303510 0.473458
v 0.375275 1.297639 0.469498
v 0.375275 1.311314 0.461887
v 0.375275 1.305443 0.457927
v 0.419310 1.303510 0.404872
v 0.419310 1.297639 0.408832
v 0.419310 1.311314 0.416442
v 0.419310 1.305443 0.420402
v 0.375275 1.297639 0.408832
v 0.375275 1.303510 0.404872
v 0.375275 1.305443 0.420402
v 0.375275 1.311314 0.416442
v 0.419310 1.308977 0.414224
v 0.419310 1.305330 0.420294
v 0.419310 1.326833 0.424953
v 0.419310 1.323186 0.431023
v 0.375275 1.305330 0.420294
v 0.375275 1.308977 0.414224
v 0.375275 1.323186 0.431023
v 0.375275 1.326833 0.424953
v 0.419310 1.305330 0.458035
v 0.419310 1.308977 0.464105
v 0.419310 1.323186 0.447307
v 0.419310 1.326833 0.453376
v 0.375275 1.308977 0.464105
v 0.375275 1.305330 0.458035
v 0.375275 1.326833 0.453376
v 0.375275 1.323186 0.447307
v 0.419310 1.284256 0.400077
v 0.419310 1.274388 0.409946
v 0.419310 1.294125 0.409946
v 0.419310 1.284256 0.419814
v 0.375275 1.274388 0.409946
v 0.375275 1.284256 0.400077
v 0.375275 1.284256 0.419814
v 0.375275 1.294125 0.409946
v 0.419310 1.284256 0.458515
v 0.419310 1.274388 0.468383
v 0.419310 1.294125 0.468383
v 0.419310 1.284256 0.478252
v 0.375275 1.274388 0.468383
v 0.375275 1.284256 0.458515
v 0.375275 1.284256 0.478252
v 0.375275 1.294125 0.468383
v 0.419207 1.258179 0.396642
v 0.419207 1.256487 0.399633
v 0.419207 1.276879 0.407221
v 0.419207 1.275186 0.410213
v 0.375379 1.256487 0.399633
v 0.375379 1.258179 0.396642
v 0.375379 1.275186 0.410213
v 0.375379 1.276879 0.407221
v 0.419207 1.256487 0.478696
v 0.419207 1.258180 0.481688
v 0.419207 1.275186 0.468116
v 0.419207 1.276879 0.471108
v 0.375379 1.258180 0.481688
v 0.375379 1.256487 0.478696
v 0.375379 1.276879 0.471108
v 0.375379 1.275186 0.468116
v 0.419207 1.263362 0.475258
v 0.419207 1.263362 0.478696
v 0.419207 1.274534 0.475258
v 0.419207 1.274534 0.478696
v 0.375379 1.263362 0.478696
v 0.375379 1.263362 0.475258
v 0.375379 1.274534 0.478696
v 0.375379 1.274534 0.475258
v 0.419207 1.269378 0.471821
v 0.419207 1.269378 0.475258
v 0.419207 1.274534 0.471821
v 0.419207 1.274534 0.475258
v 0.375379 1.269378 0.475258
v 0.375379 1.269378 0.471821
v 0.375379 1.274534 0.475258
v 0.375379 1.274534 0.471821
v 0.419207 1.263362 0.399633
v 0.419207 1.263362 0.403071
v 0.419207 1.274534 0.399633
v 0.419207 1.274534 0.403071
v 0.375379 1.263362 0.403071
v 0.375379 1.263362 0.399633
v 0.375379 1.274534 0.403071
v 0.375379 1.274534 0.399633
v 0.419207 1.269378 0.403071
v 0.419207 1.269378 0.406508
v 0.419207 1.274534 0.403071
v 0.419207 1.274534 0.406508
v 0.375379 1.269378 0.406508
v 0.375379 1.269378 0.403071
v 0.375379 1.274534 0.406508
v 0.375379 1.274534 0.403071
v 0.419207 1.305471 0.409946
v 0.419207 1.305471 0.410805
v 0.419207 1.316643 0.409946
v 0.419207 1.316643 0.410805
v 0.375379 1.305471 0.410805
v 0.375379 1.305471 0.409946
v 0.375379 1.316643 0.410805
v 0.375379 1.316643 0.409946
v 0.419207 1.305471 0.467524
v 0.419207 1.305471 0.468383
v 0.419207 1.316643 0.467524
v 0.419207 1.316643 0.468383
v 0.375379 1.305471 0.468383
v 0.375379 1.305471 0.467524
v 0.375379 1.316643 0.468383
v 0.375379 1.316643 0.467524
v 0.412590 -1.110593 0.392555
v 0.412590 -1.110593 0.485367
v 0.412590 0.658861 0.392554
v 0.412590 0.658861 0.485367
v 0.381652 -1.110593 0.485367
v 0.381652 -1.110593 0.392555
v 0.381652 0.658861 0.485367
v 0.381652 0.658861 0.392554
v 0.416027 0.330579 0.391695
v 0.416027 0.330579 0.475055
v 0.416027 0.351204 0.391695
v 0.416027 0.351204 0.475055
v 0.378215 0.330579 0.475055
v 0.378215 0.330579 0.391695
v 0.378215 0.351204 0.475055
v 0.378215 0.351204 0.391695
v 0.409255 -0.030461 0.389014
v 0.409255 -0.030461 0.392658
v 0.409255 0.041933 0.389014
v 0.409255 0.041933 0.392658
v 0.384986 -0.030461 0.392658
v 0.384986 -0.030461 0.389014
v 0.384986 0.041933 0.392658
v 0.384986 0.041933 0.389014
v 0.402380 -0.017660 0.503238
v 0.402380 -0.009967 0.510412
v 0.402380 -0.012831 0.498059
v 0.402380 -0.005138 0.505233
v 0.391861 -0.009967 0.510412
v 0.391861 -0.017660 0.503238
v 0.391861 -0.005138 0.505233
v 0.391861 -0.012831 0.498059
v 0.402380 0.024302 0.498059
v 0.402380 0.016609 0.505233
v 0.402380 0.029131 0.503238
v 0.402380 0.021439 0.510412
v 0.391861 0.016609 0.505233
v 0.391861 0.024302 0.498059
v 0.391861 0.021439 0.510412
v 0.391861 0.029131 0.503238
v 0.402277 0.025225 0.489896
v 0.402277 0.022315 0.501570
v 0.402277 0.031896 0.491559
v 0.402277 0.028986 0.503233
v 0.391964 0.022315 0.501570
v 0.391964 0.025225 0.489896
v 0.391964 0.028986 0.503233
v 0.391964 0.031896 0.491559
v 0.402277 -0.020425 0.491559
v 0.402277 -0.017514 0.503233
v 0.402277 -0.013754 0.489896
v 0.402277 -0.010843 0.501570
v 0.391964 -0.017514 0.503233
v 0.391964 -0.020425 0.491559
v 0.391964 -0.010843 0.501570
v 0.391964 -0.013754 0.489896
v 0.405715 -0.023483 0.486055
v 0.405715 -0.023483 0.492930
v 0.405715 0.034954 0.486055
v 0.405715 0.034954 0.492930
v 0.388527 -0.023483 0.492930
v 0.388527 -0.023483 0.486055
v 0.388527 0.034954 0.492930
v 0.388527 0.034954 0.486055
v 0.416027 -0.030358 0.475055
v 0.416027 -0.030358 0.488805
v 0.416027 0.041830 0.475055
v 0.416027 0.041830 0.488805
v 0.378215 -0.030358 0.488805
v 0.378215 -0.030358 0.475055
v 0.378215 0.041830 0.488805
v 0.378215 0.041830 0.475055
v 0.416027 -0.030358 0.391695
v 0.416027 -0.030358 0.475055
v 0.416027 -0.009733 0.391695
v 0.416027 -0.009733 0.475055
v 0.378215 -0.030358 0.475055
v 0.378215 -0.030358 0.391695
v 0.378215 -0.009733 0.475055
v 0.378215 -0.009733 0.391695
v 0.416027 0.021205 0.391695
v 0.416027 0.021205 0.475055
v 0.416027 0.041830 0.391695
v 0.416027 0.041830 0.475055
v 0.378215 0.021205 0.475055
v 0.378215 0.021205 0.391695
v 0.378215 0.041830 0.475055
v 0.378215 0.041830 0.391695
v 0.416027 0.279017 0.475055
v 0.416027 0.279017 0.488805
v 0.416027 0.351204 0.475055
v 0.416027 0.351204 0.488805
v 0.378215 0.279017 0.488805
v 0.378215 0.279017 0.475055
v 0.378215 0.351204 0.488805
v 0.378215 0.351204 0.475055
v 0.405715 0.285892 0.486055
v 0.405715 0.285892 0.492930
v 0.405715 0.344329 0.486055
v 0.405715 0.344329 0.492930
v 0.388527 0.285892 0.492930
v 0.388527 0.285892 0.486055
v 0.388527 0.344329 0.492930
v 0.388527 0.344329 0.486055
v 0.402277 -0.009733 0.503242
v 0.402277 -0.009733 0.510117
v 0.402277 0.021205 0.503242
v 0.402277 0.021205 0.510117
v 0.391964 -0.009733 0.510117
v 0.391964 -0.009733 0.503242
v 0.391964 0.021205 0.510117
v 0.391964 0.021205 0.503242
v 0.397121 -0.079029 0.468508
v 0.397121 -0.079029 0.577649
v 0.397121 0.398783 0.468508
v 0.397121 0.398783 0.577649
v 0.397121 -0.079029 0.577649
v 0.397121 -0.079029 0.468508
v 0.397121 0.398783 0.577649
v 0.397121 0.398783 0.468508
v 0.402277 0.299642 0.503242
v 0.402277 0.299642 0.510117
v 0.402277 0.330580 0.503242
v 0.402277 0.330580 0.510117
v 0.391964 0.299642 0.510117
v 0.391964 0.299642 0.503242
v 0.391964 0.330580 0.510117
v 0.391964 0.330580 0.503242
v 0.402277 0.288950 0.491559
v 0.402277 0.291861 0.503233
v 0.402277 0.295621 0.489896
v 0.402277 0.298532 0.501570
v 0.391964 0.291861 0.503233
v 0.391964 0.288950 0.491559
v 0.391964 0.298532 0.501570
v 0.391964 0.295621 0.489896
v 0.402277 0.334600 0.489896
v 0.402277 0.331690 0.501570
v 0.402277 0.341271 0.491559
v 0.402277 0.338361 0.503233
v 0.391964 0.331690 0.501570
v 0.391964 0.334600 0.489896
v 0.391964 0.338361 0.503233
v 0.391964 0.341271 0.491559
v 0.402380 0.333677 0.498059
v 0.402380 0.325984 0.505233
v 0.402380 0.338507 0.503238
v 0.402380 0.330814 0.510412
v 0.391861 0.325984 0.505233
v 0.391861 0.333677 0.498059
v 0.391861 0.330814 0.510412
v 0.391861 0.338507 0.503238
v 0.402380 0.291715 0.503238
v 0.402380 0.299408 0.510412
v 0.402380 0.296544 0.498059
v 0.402380 0.304237 0.505233
v 0.391861 0.299408 0.510412
v 0.391861 0.291715 0.503238
v 0.391861 0.304237 0.505233
v 0.391861 0.296544 0.498059
v 0.409255 0.278914 0.389014
v 0.409255 0.278914 0.392658
v 0.409255 0.351308 0.389014
v 0.409255 0.351308 0.392658
v 0.384986 0.278914 0.392658
v 0.384986 0.278914 0.389014
v 0.384986 0.351308 0.392658
v 0.384986 0.351308 0.389014
v 0.416027 0.279017 0.391695
v 0.416027 0.279017 0.475055
v 0.416027 0.299642 0.391695
v 0.416027 0.299642 0.475055
v 0.378215 0.279017 0.475055
v 0.378215 0.279017 0.391695
v 0.378215 0.299642 0.475055
v 0.378215 0.299642 0.391695
v 0.413552 0.654406 0.480108
v 0.413552 0.664765 0.481935
v 0.413552 0.656382 0.468903
v 0.413552 0.666740 0.470730
v 0.380689 0.664765 0.481935
v 0.380689 0.654406 0.480108
v 0.380689 0.666740 0.470730
v 0.380689 0.656382 0.468903
v 0.413621 0.657775 0.466944
v 0.413621 0.668019 0.464006
v 0.413621 0.655075 0.457526
v 0.413621 0.665318 0.454589
v 0.380621 0.668019 0.464006
v 0.380621 0.657775 0.466944
v 0.380621 0.665318 0.454589
v 0.380621 0.655075 0.457526
v 0.413621 0.655075 0.457526
v 0.413621 0.665318 0.454589
v 0.413621 0.653796 0.453065
v 0.413621 0.664039 0.450128
v 0.380621 0.665318 0.454589
v 0.380621 0.655075 0.457526
v 0.380621 0.664039 0.450128
v 0.380621 0.653796 0.453065
v 0.413621 0.665318 0.423333
v 0.413621 0.655075 0.420395
v 0.413621 0.664039 0.427793
v 0.413621 0.653796 0.424856
v 0.380621 0.655075 0.420395
v 0.380621 0.665318 0.423333
v 0.380621 0.653796 0.424856
v 0.380621 0.664039 0.427793
v 0.413552 0.654554 0.454989
v 0.413552 0.664087 0.450543
v 0.413552 0.647929 0.440782
v 0.413552 0.657462 0.436337
v 0.380689 0.664087 0.450543
v 0.380689 0.654554 0.454989
v 0.380689 0.657462 0.436337
v 0.380689 0.647929 0.440782
v 0.413621 0.647861 0.437070
v 0.413621 0.647861 0.440851
v 0.413621 0.655079 0.437070
v 0.413621 0.655079 0.440851
v 0.380621 0.647861 0.440851
v 0.380621 0.647861 0.437070
v 0.380621 0.655079 0.440851
v 0.380621 0.655079 0.437070
v 0.413552 0.664087 0.427378
v 0.413552 0.654554 0.422933
v 0.413552 0.657463 0.441584
v 0.413552 0.647929 0.437139
v 0.380689 0.654554 0.422933
v 0.380689 0.664087 0.427378
v 0.380689 0.647929 0.437139
v 0.380689 0.657463 0.441584
v 0.413621 0.668019 0.413915
v 0.413621 0.657775 0.410978
v 0.413621 0.665318 0.423333
v 0.413621 0.655075 0.420395
v 0.380621 0.657775 0.410978
v 0.380621 0.668019 0.413915
v 0.380621 0.655075 0.420395
v 0.380621 0.665318 0.423333
v 0.413552 0.664764 0.395987
v 0.413552 0.654405 0.397814
v 0.413552 0.666740 0.407192
v 0.413552 0.656381 0.409019
v 0.380689 0.654405 0.397814
v 0.380689 0.664764 0.395987
v 0.380689 0.656381 0.409019
v 0.380689 0.666740 0.407192
v 0.413552 0.666740 0.407192
v 0.413552 0.656381 0.409019
v 0.413552 0.667970 0.414166
v 0.413552 0.657611 0.415992
v 0.380689 0.656381 0.409019
v 0.380689 0.666740 0.407192
v 0.380689 0.657611 0.415992
v 0.380689 0.667970 0.414166
v 0.413552 0.656382 0.468903
v 0.413552 0.666740 0.470730
v 0.413552 0.657611 0.461929
v 0.413552 0.667970 0.463756
v 0.380689 0.666740 0.470730
v 0.380689 0.656382 0.468903
v 0.380689 0.667970 0.463756
v 0.380689 0.657611 0.461929
v 0.413552 0.654945 0.478165
v 0.413552 0.653331 0.482369
v 0.413552 0.664765 0.481935
v 0.413552 0.663151 0.486139
v 0.380689 0.653331 0.482369
v 0.380689 0.654945 0.478165
v 0.380689 0.663151 0.486139
v 0.380689 0.664765 0.481935
v 0.413552 0.653340 0.395352
v 0.413552 0.654880 0.399584
v 0.413552 0.663225 0.391755
v 0.413552 0.664765 0.395986
v 0.380689 0.654880 0.399584
v 0.380689 0.653340 0.395352
v 0.380689 0.664765 0.395986
v 0.380689 0.663225 0.391755
v 0.413552 0.653189 0.391592
v 0.413552 0.653189 0.395751
v 0.413552 0.663639 0.391592
v 0.413552 0.663639 0.395751
v 0.380689 0.653189 0.395751
v 0.380689 0.653189 0.391592
v 0.380689 0.663639 0.395751
v 0.380689 0.663639 0.391592
v 0.413552 0.653189 0.482170
v 0.413552 0.653189 0.486329
v 0.413552 0.663639 0.482170
v 0.413552 0.663639 0.486329
v 0.380689 0.653189 0.486329
v 0.380689 0.653189 0.482170
v 0.380689 0.663639 0.486329
v 0.380689 0.663639 0.482170
v 0.413724 0.654976 0.436108
v 0.413724 0.654976 0.441814
v 0.413724 0.658964 0.436108
v 0.413724 0.658964 0.441814
v 0.380518 0.654976 0.441814
v 0.380518 0.654976 0.436108
v 0.380518 0.658964 0.441814
v 0.380518 0.658964 0.436108
v 0.413449 0.658380 0.391695
v 0.413449 0.658380 0.486226
v 0.413449 0.669551 0.391695
v 0.413449 0.669551 0.486226
v 0.380793 0.658380 0.486226
v 0.380793 0.658380 0.391695
v 0.380793 0.669551 0.486226
v 0.380793 0.669551 0.391695
v 0.410115 0.669448 0.395029
v 0.410115 0.669448 0.482892
v 0.410115 0.669654 0.395029
v 0.410115 0.669654 0.482892
v 0.384127 0.669448 0.482892
v 0.384127 0.669448 0.395029
v 0.384127 0.669654 0.482892
v 0.384127 0.669654 0.395029
v 0.415168 -1.138952 0.390836
v 0.415168 -1.138952 0.487086
v 0.415168 -1.107155 0.390836
v 0.415168 -1.107155 0.487086
v 0.379074 -1.138952 0.487086
v 0.379074 -1.138952 0.390836
v 0.379074 -1.107155 0.487086
v 0.379074 -1.107155 0.390836
v 0.415168 -1.107155 0.390836
v 0.415168 -1.107155 0.404586
v 0.415168 -1.058170 0.390836
v 0.415168 -1.058170 0.404586
v 0.379074 -1.107155 0.404586
v 0.379074 -1.107155 0.390836
v 0.379074 -1.058170 0.404586
v 0.379074 -1.058170 0.390836
v 0.415168 -1.107155 0.473336
v 0.415168 -1.107155 0.487086
v 0.415168 -1.058170 0.473336
v 0.415168 -1.058170 0.487086
v 0.379074 -1.107155 0.487086
v 0.379074 -1.107155 0.473336
v 0.379074 -1.058170 0.487086
v 0.379074 -1.058170 0.473336
v 0.415340 -1.150295 0.431914
v 0.415340 -1.150295 0.446008
v 0.415340 -1.137921 0.431914
v 0.415340 -1.137921 0.446008
v 0.378902 -1.150295 0.446008
v 0.378902 -1.150295 0.431914
v 0.378902 -1.137921 0.446008
v 0.378902 -1.137921 0.431914
v 0.415271 -1.107450 0.424231
v 0.415271 -1.122180 0.438961
v 0.415271 -1.092720 0.438961
v 0.415271 -1.107450 0.453691
v 0.378971 -1.122180 0.438961
v 0.378971 -1.107450 0.424231
v 0.378971 -1.107450 0.453691
v 0.378971 -1.092720 0.438961
v 0.415271 -1.138444 0.442545
v 0.415271 -1.150250 0.445764
v 0.415271 -1.127088 0.484200
v 0.415271 -1.138894 0.487419
v 0.378971 -1.150250 0.445764
v 0.378971 -1.138444 0.442545
v 0.378971 -1.138894 0.487419
v 0.378971 -1.127088 0.484200
v 0.415271 -1.150250 0.432158
v 0.415271 -1.138444 0.435377
v 0.415271 -1.138894 0.390503
v 0.415271 -1.127087 0.393722
v 0.378971 -1.138444 0.435377
v 0.378971 -1.150250 0.432158
v 0.378971 -1.127087 0.393722
v 0.378971 -1.138894 0.390503
v 0.415168 -1.058170 0.483649
v 0.415168 -1.058170 0.487086
v 0.415168 -1.040124 0.483649
v 0.415168 -1.040124 0.487086
v 0.379074 -1.058170 0.487086
v 0.379074 -1.058170 0.483649
v 0.379074 -1.040124 0.487086
v 0.379074 -1.040124 0.483649
v 0.415168 -1.058170 0.390836
v 0.415168 -1.058170 0.394274
v 0.415168 -1.040124 0.390836
v 0.415168 -1.040124 0.394273
v 0.379074 -1.058170 0.394274
v 0.379074 -1.058170 0.390836
v 0.379074 -1.040124 0.394273
v 0.379074 -1.040124 0.390836
v 0.415168 -1.107155 0.463024
v 0.415168 -1.107155 0.470758
v 0.415168 -1.089108 0.463024
v 0.415168 -1.089108 0.470758
v 0.379074 -1.107155 0.470758
v 0.379074 -1.107155 0.463024
v 0.379074 -1.089108 0.470758
v 0.379074 -1.089108 0.463024
v 0.415168 -1.107155 0.470758
v 0.415168 -1.107155 0.473336
v 0.415168 -1.089108 0.470758
v 0.415168 -1.089108 0.473336
v 0.379074 -1.107155 0.473336
v 0.379074 -1.107155 0.470758
v 0.379074 -1.089108 0.473336
v 0.379074 -1.089108 0.470758
v 0.415168 -1.107155 0.404586
v 0.415168 -1.107155 0.407164
v 0.415168 -1.089108 0.404586
v 0.415168 -1.089108 0.407164
v 0.379074 -1.107155 0.407164
v 0.379074 -1.107155 0.404586
v 0.379074 -1.089108 0.407164
v 0.379074 -1.089108 0.404586
v 0.415168 -1.107155 0.407164
v 0.415168 -1.107155 0.414899
v 0.415168 -1.089108 0.407164
v 0.415168 -1.089108 0.414899
v 0.379074 -1.107155 0.414899
v 0.379074 -1.107155 0.407164
v 0.379074 -1.089108 0.414899
v 0.379074 -1.089108 0.407164
v 0.415271 -1.089080 0.462021
v 0.415271 -1.097801 0.467903
v 0.415271 -1.081276 0.473591
v 0.415271 -1.089996 0.479473
v 0.378971 -1.097801 0.467903
v 0.378971 -1.089080 0.462021
v 0.378971 -1.089996 0.479473
v 0.378971 -1.081276 0.473591
v 0.415271 -1.097801 0.410019
v 0.415271 -1.089080 0.415901
v 0.415271 -1.089997 0.398449
v 0.415271 -1.081276 0.404331
v 0.378971 -1.089080 0.415901
v 0.378971 -1.097801 0.410019
v 0.378971 -1.081276 0.404331
v 0.378971 -1.089997 0.398449
v 0.415271 -1.129431 0.423068
v 0.415271 -1.124985 0.432602
v 0.415271 -1.093416 0.406275
v 0.415271 -1.088971 0.415808
v 0.378971 -1.124985 0.432602
v 0.378971 -1.129431 0.423068
v 0.378971 -1.088971 0.415808
v 0.378971 -1.093416 0.406275
v 0.415271 -1.124985 0.445320
v 0.415271 -1.129431 0.454854
v 0.415271 -1.088971 0.462114
v 0.415271 -1.093416 0.471647
v 0.378971 -1.129431 0.454854
v 0.378971 -1.124985 0.445320
v 0.378971 -1.093416 0.471647
v 0.378971 -1.088971 0.462114
v 0.415271 -1.077762 0.404586
v 0.415271 -1.067893 0.414454
v 0.415271 -1.067893 0.394717
v 0.415271 -1.058025 0.404586
v 0.378971 -1.067893 0.414454
v 0.378971 -1.077762 0.404586
v 0.378971 -1.058025 0.404586
v 0.378971 -1.067893 0.394717
v 0.415271 -1.077762 0.473336
v 0.415271 -1.067893 0.483204
v 0.415271 -1.067893 0.463467
v 0.415271 -1.058025 0.473336
v 0.378971 -1.067893 0.483204
v 0.378971 -1.077762 0.473336
v 0.378971 -1.058025 0.473336
v 0.378971 -1.067893 0.463467
v 0.415168 -1.060515 0.401861
v 0.415168 -1.058823 0.404853
v 0.415168 -1.041816 0.391282
v 0.415168 -1.040124 0.394273
v 0.379074 -1.058823 0.404853
v 0.379074 -1.060515 0.401861
v 0.379074 -1.040124 0.394273
v 0.379074 -1.041816 0.391282
v 0.415168 -1.058823 0.473069
v 0.415168 -1.060515 0.476061
v 0.415168 -1.040124 0.483649
v 0.415168 -1.041816 0.486641
v 0.379074 -1.060515 0.476061
v 0.379074 -1.058823 0.473069
v 0.379074 -1.041816 0.486641
v 0.379074 -1.040124 0.483649
v 0.415168 -1.058170 0.480211
v 0.415168 -1.058170 0.483649
v 0.415168 -1.046999 0.480211
v 0.415168 -1.046999 0.483649
v 0.379074 -1.058170 0.483649
v 0.379074 -1.058170 0.480211
v 0.379074 -1.046999 0.483649
v 0.379074 -1.046999 0.480211
v 0.415168 -1.058170 0.476774
v 0.415168 -1.058170 0.480211
v 0.415168 -1.053014 0.476774
v 0.415168 -1.053014 0.480211
v 0.379074 -1.058170 0.480211
v 0.379074 -1.058170 0.476774
v 0.379074 -1.053014 0.480211
v 0.379074 -1.053014 0.476774
v 0.415168 -1.058170 0.394274
v 0.415168 -1.058170 0.397711
v 0.415168 -1.046999 0.394274
v 0.415168 -1.046999 0.397711
v 0.379074 -1.058170 0.397711
v 0.379074 -1.058170 0.394274
v 0.379074 -1.046999 0.397711
v 0.379074 -1.046999 0.394274
vn -0.0000 -0.0000 1.0000
vn 1.0000 -0.0000 -0.0000
vn -0.0000 -0.0000 -1.0000
vn -1.0000 -0.0000 -0.0000
vn -0.0000 -1.0000 -0.0000
vn -0.0000 1.0000 -0.0000
vn -0.0000 0.7771 0.6293
vn -0.0000 -0.7771 -0.6293
vn -0.0000 -0.6293 0.7772
vn -0.0000 0.6293 -0.7772
vn -0.0000 -0.6295 0.7770
vn -0.0000 0.6295 -0.7770
vn -0.0000 0.7772 0.6293
vn -0.0000 0.6293 -0.7771
vn -0.0000 -0.7772 -0.6293
vn -0.0000 -0.6293 0.7771
vn -0.0000 0.9397 0.3421
vn -0.0000 -0.9397 -0.3420
vn -0.0000 -0.3420 0.9397
vn -0.0000 0.3420 -0.9397
vn -0.0000 0.9848 0.1736
vn -0.0000 -0.9848 -0.1736
vn -0.0000 -0.1736 0.9848
vn -0.0000 0.1736 -0.9848
vn -0.0000 0.9063 -0.4226
vn -0.0000 -0.9063 0.4226
vn -0.0000 0.4227 0.9063
vn -0.0000 -0.4226 -0.9063
vn -0.0000 0.9613 -0.2757
vn -0.0000 -0.9613 0.2756
vn -0.0000 0.2757 0.9612
vn -0.0000 -0.2757 -0.9612
vn -0.0000 0.8480 -0.5299
vn -0.0000 -0.8481 0.5298
vn -0.0000 0.5300 0.8480
vn -0.0000 -0.5298 -0.8481
vn -0.0000 -0.7071 0.7071
vn -0.0000 0.7071 -0.7071
vn -0.0000 -0.7071 -0.7071
vn -0.0000 0.7071 0.7071
vn -0.0000 0.5736 -0.8192
vn -0.0000 -0.5735 0.8192
vn -0.0000 0.8190 0.5738
vn -0.0000 -0.8191 -0.5736
vn -0.0000 -0.5735 -0.8192
vn -0.0000 0.5737 0.8191
vn -0.0000 0.8192 -0.5736
vn -0.0000 -0.8191 0.5736
vn -0.0000 -0.8481 -0.5298
vn -0.0000 0.8481 0.5298
vn -0.0000 0.5298 -0.8481
vn -0.0000 -0.5298 0.8481
vn -0.0000 0.5735 -0.8192
vn -0.0000 -0.5736 0.8191
vn -0.0000 0.8191 0.5736
vn -0.0000 -0.8192 -0.5735
vn -0.0000 0.5735 0.8192
vn -0.0000 0.8191 -0.5736
vn -0.0000 -0.9613 -0.2756
vn -0.0000 0.9613 0.2757
vn -0.0000 0.2756 -0.9613
vn -0.0000 -0.2756 0.9613
vn -0.0000 -0.9063 -0.4226
vn -0.0000 0.9063 0.4226
vn -0.0000 0.4226 -0.9063
vn -0.0000 -0.4226 0.9063
vn -0.0000 -0.9848 0.1736
vn -0.0000 0.9848 -0.1736
vn -0.0000 -0.1737 -0.9848
vn -0.0000 0.1736 0.9848
vn -0.0000 -0.9397 0.3420
vn -0.0000 0.9397 -0.3421
vn -0.0000 -0.3420 -0.9397
vn -0.0000 0.3421 0.9397
vn -0.0000 -0.9397 -0.3421
vn -0.0000 -0.9848 -0.1737
vn -0.0000 0.4226 0.9063
vn -0.0000 0.9613 -0.2756
vn -0.0000 -0.9613 0.2757
vn -0.0000 0.2756 0.9613
vn -0.0000 -0.2756 -0.9613
vn -0.0000 0.4227 -0.9063
vn -0.0000 -0.9613 -0.2757
vn -0.0000 0.9613 0.2756
vn -0.0000 -0.9848 0.1737
vn -0.0000 0.9397 -0.3420
vn -0.0000 0.3420 0.9397
vn -0.0000 -0.1736 -0.9848
vn -0.0000 0.1737 0.9848
vn -0.0000 0.2757 0.9613
vn -0.0000 -0.1737 0.9848
vn -0.0000 0.9397 0.3420
vn -0.0000 -0.3422 0.9396
vn -0.0000 0.3422 -0.9396
vn -0.0000 -0.3419 -0.9397
vn -0.0000 0.3419 0.9397
vn -0.0000 0.3422 0.9396
vn -0.0000 -0.3419 0.9397
vn -0.0000 0.9648 0.2630
vn -0.0000 -0.9648 -0.2630
vn -0.0000 -0.2630 0.9648
vn -0.0000 0.2630 -0.9648
vn -0.0000 -0.9648 0.2630
vn -0.0000 0.9648 -0.2630
vn -0.0000 -0.2630 -0.9648
vn -0.0000 0.2631 0.9648
vn -0.0000 0.8291 0.5592
vn -0.0000 -0.8291 -0.5592
vn -0.0000 -0.5592 0.8290
vn -0.0000 0.5592 -0.8290
vn -0.0000 -0.8290 0.5592
vn -0.0000 0.8290 -0.5592
vn -0.0000 -0.5592 -0.8290
vn -0.0000 0.5592 0.8290
vn -0.0000 -0.5150 0.8572
vn -0.0000 0.5150 -0.8572
vn -0.0000 -0.8572 -0.5150
vn -0.0000 0.8572 0.5150
vn -0.0000 0.5150 0.8572
vn -0.0000 -0.5150 -0.8572
vn -0.0000 -0.8572 0.5150
vn -0.0000 0.8571 -0.5151
vn -0.0000 -0.4924 0.8703
vn -0.0000 0.4924 -0.8704
vn -0.0000 -0.8704 -0.4924
vn -0.0000 0.8703 0.4925
vn -0.0000 0.4924 0.8703
vn -0.0000 -0.4924 -0.8703
vn -0.0000 -0.8703 0.4925
vn -0.0000 0.8703 -0.4925
vn -0.0000 0.7314 0.6820
vn -0.0000 -0.7314 -0.6820
vn -0.0000 -0.6820 0.7313
vn -0.0000 0.6820 -0.7313
vn -0.0000 -0.7313 0.6820
vn -0.0000 0.7314 -0.6820
vn -0.0000 -0.6820 -0.7313
vn -0.0000 0.6821 0.7313
vn -0.0000 -0.2419 0.9703
vn -0.0000 0.2419 -0.9703
vn -0.0000 -0.9703 -0.2419
vn -0.0000 0.9703 0.2419
vn -0.0000 0.2419 0.9703
vn -0.0000 -0.2419 -0.9703
vn -0.0000 -0.9703 0.2419
vn -0.0000 0.9703 -0.2419
vn -0.0000 -0.0000 -0.0000
vn -0.0000 0.9703 -0.2420
vn -0.0000 0.7313 -0.6820
vn -0.0000 0.6820 0.7313
vn -0.0000 0.1737 -0.9848
vn -0.0000 0.9612 -0.2757
vn -0.0000 0.2757 -0.9612
vn -0.0000 0.9063 -0.4227
vn -0.0000 -0.9063 -0.4227
vn -0.0000 -0.2757 0.9612
vn -0.0000 0.9848 -0.1737
vn -0.0000 0.9848 0.1737
vn -0.0000 -0.3584 0.9336
vn -0.0000 0.3584 -0.9336
vn -0.0000 -0.9336 -0.3584
vn -0.0000 0.9336 0.3584
vn -0.0000 -0.2631 -0.9648
vn -0.0000 -0.2631 0.9648
vn -0.0000 0.0001 1.0000
vn -0.0000 -0.5592 -0.8291
vn -0.0000 0.8290 0.5592
vn -0.0000 -0.8290 -0.5592
vn -0.0000 -0.5592 0.8291
vn -0.0000 0.5592 -0.8291
vn -0.0000 -0.4924 -0.8704
vn -0.0000 -0.8702 0.4927
vn -0.0000 0.8704 -0.4924
vn -0.0000 0.4924 -0.8703
vn -0.0000 -0.8705 -0.4922
vn -0.0000 0.8704 0.4923
vt 0.671875 0.851562
vt 0.687500 0.851562
vt 0.687500 0.859375
vt 0.671875 0.859375
vt 0.734375 0.289062
vt 0.742188 0.289062
vt 0.742188 0.296875
vt 0.734375 0.296875
vt 0.671875 0.835938
vt 0.687500 0.835938
vt 0.687500 0.843750
vt 0.671875 0.843750
vt 0.718750 0.257812
vt 0.726562 0.257812
vt 0.726562 0.265625
vt 0.718750 0.265625
vt 0.687500 0.828125
vt 0.671875 0.828125
vt 0.671875 0.820312
vt 0.687500 0.820312
vt 0.687500 0.804688
vt 0.671875 0.804688
vt 0.671875 0.812500
vt 0.687500 0.812500
vt 0.453125 0.656250
vt 0.460938 0.656250
vt 0.460938 0.687500
vt 0.453125 0.687500
vt 0.359375 0.843750
vt 0.398438 0.843750
vt 0.398438 0.875000
vt 0.359375 0.875000
vt 0.359375 0.515625
vt 0.367188 0.515625
vt 0.367188 0.546875
vt 0.359375 0.546875
vt 0.359375 0.812500
vt 0.398438 0.812500
vt 0.445312 0.703125
vt 0.437500 0.703125
vt 0.437500 0.664062
vt 0.445312 0.664062
vt 0.445312 0.601562
vt 0.437500 0.601562
vt 0.437500 0.640625
vt 0.445312 0.640625
vt 0.453125 0.609375
vt 0.460938 0.609375
vt 0.460938 0.640625
vt 0.453125 0.640625
vt 0.453125 0.578125
vt 0.460938 0.578125
vt 0.406250 0.515625
vt 0.414062 0.515625
vt 0.414062 0.546875
vt 0.406250 0.546875
vt 0.421875 0.515625
vt 0.429688 0.515625
vt 0.429688 0.546875
vt 0.421875 0.546875
vt 0.679688 0.656250
vt 0.671875 0.656250
vt 0.671875 0.648438
vt 0.679688 0.648438
vt 0.367188 0.320312
vt 0.359375 0.320312
vt 0.359375 0.328125
vt 0.367188 0.328125
vt 0.671875 0.632812
vt 0.679688 0.632812
vt 0.679688 0.640625
vt 0.671875 0.640625
vt 0.375000 0.320312
vt 0.382812 0.320312
vt 0.382812 0.328125
vt 0.375000 0.328125
vt 0.671875 0.617188
vt 0.679688 0.617188
vt 0.679688 0.625000
vt 0.671875 0.625000
vt 0.390625 0.320312
vt 0.398438 0.320312
vt 0.398438 0.328125
vt 0.390625 0.328125
vt 0.679688 0.609375
vt 0.671875 0.609375
vt 0.671875 0.601562
vt 0.679688 0.601562
vt 0.414062 0.320312
vt 0.406250 0.320312
vt 0.406250 0.328125
vt 0.414062 0.328125
vt 0.671875 0.585938
vt 0.679688 0.585938
vt 0.679688 0.593750
vt 0.671875 0.593750
vt 0.421875 0.320312
vt 0.429688 0.320312
vt 0.429688 0.328125
vt 0.421875 0.328125
vt 0.671875 0.570312
vt 0.679688 0.570312
vt 0.679688 0.578125
vt 0.671875 0.578125
vt 0.437500 0.320312
vt 0.445312 0.320312
vt 0.445312 0.328125
vt 0.437500 0.328125
vt 0.679688 0.562500
vt 0.671875 0.562500
vt 0.671875 0.554688
vt 0.679688 0.554688
vt 0.460938 0.320312
vt 0.453125 0.320312
vt 0.453125 0.328125
vt 0.460938 0.328125
vt 0.671875 0.539062
vt 0.679688 0.539062
vt 0.679688 0.546875
vt 0.671875 0.546875
vt 0.468750 0.320312
vt 0.476562 0.320312
vt 0.476562 0.328125
vt 0.468750 0.328125
vt 0.671875 0.523438
vt 0.679688 0.523438
vt 0.679688 0.531250
vt 0.671875 0.531250
vt 0.484375 0.320312
vt 0.492188 0.320312
vt 0.492188 0.328125
vt 0.484375 0.328125
vt 0.679688 0.515625
vt 0.671875 0.515625
vt 0.671875 0.507812
vt 0.679688 0.507812
vt 0.507812 0.320312
vt 0.500000 0.320312
vt 0.500000 0.328125
vt 0.507812 0.328125
vt 0.625000 0.765625
vt 0.632812 0.765625
vt 0.632812 0.781250
vt 0.625000 0.781250
vt 0.625000 0.687500
vt 0.632812 0.687500
vt 0.632812 0.703125
vt 0.625000 0.703125
vt 0.437500 0.359375
vt 0.445312 0.359375
vt 0.445312 0.375000
vt 0.437500 0.375000
vt 0.453125 0.359375
vt 0.460938 0.359375
vt 0.460938 0.375000
vt 0.453125 0.375000
vt 0.679688 0.500000
vt 0.671875 0.500000
vt 0.671875 0.492188
vt 0.679688 0.492188
vt 0.523438 0.320312
vt 0.515625 0.320312
vt 0.515625 0.328125
vt 0.523438 0.328125
vt 0.453125 0.507812
vt 0.460938 0.507812
vt 0.460938 0.531250
vt 0.453125 0.531250
vt 0.468750 0.507812
vt 0.476562 0.507812
vt 0.476562 0.531250
vt 0.468750 0.531250
vt 0.484375 0.976562
vt 0.492188 0.976562
vt 0.492188 1.000000
vt 0.484375 1.000000
vt 0.484375 0.945312
vt 0.492188 0.945312
vt 0.492188 0.968750
vt 0.484375 0.968750
vt 0.679688 0.484375
vt 0.671875 0.484375
vt 0.671875 0.476562
vt 0.679688 0.476562
vt 0.539062 0.320312
vt 0.531250 0.320312
vt 0.531250 0.328125
vt 0.539062 0.328125
vt 0.671875 0.460938
vt 0.679688 0.460938
vt 0.679688 0.468750
vt 0.671875 0.468750
vt 0.546875 0.320312
vt 0.554688 0.320312
vt 0.554688 0.328125
vt 0.546875 0.328125
vt 0.671875 0.445312
vt 0.679688 0.445312
vt 0.679688 0.453125
vt 0.671875 0.453125
vt 0.562500 0.320312
vt 0.570312 0.320312
vt 0.570312 0.328125
vt 0.562500 0.328125
vt 0.679688 0.437500
vt 0.671875 0.437500
vt 0.671875 0.429688
vt 0.679688 0.429688
vt 0.585938 0.320312
vt 0.578125 0.320312
vt 0.578125 0.328125
vt 0.585938 0.328125
vt 0.375000 0.523438
vt 0.382812 0.523438
vt 0.382812 0.562500
vt 0.375000 0.562500
vt 0.390625 0.523438
vt 0.398438 0.523438
vt 0.398438 0.562500
vt 0.390625 0.562500
vt 0.437500 0.554688
vt 0.445312 0.554688
vt 0.445312 0.593750
vt 0.437500 0.593750
vt 0.453125 0.960938
vt 0.460938 0.960938
vt 0.460938 1.000000
vt 0.453125 1.000000
vt 0.679688 0.421875
vt 0.671875 0.421875
vt 0.671875 0.414062
vt 0.679688 0.414062
vt 0.601562 0.320312
vt 0.593750 0.320312
vt 0.593750 0.328125
vt 0.601562 0.328125
vt 0.671875 0.398438
vt 0.679688 0.398438
vt 0.679688 0.406250
vt 0.671875 0.406250
vt 0.609375 0.320312
vt 0.617188 0.320312
vt 0.617188 0.328125
vt 0.609375 0.328125
vt 0.671875 0.382812
vt 0.679688 0.382812
vt 0.679688 0.390625
vt 0.671875 0.390625
vt 0.625000 0.320312
vt 0.632812 0.320312
vt 0.632812 0.328125
vt 0.625000 0.328125
vt 0.679688 0.375000
vt 0.671875 0.375000
vt 0.671875 0.367188
vt 0.679688 0.367188
vt 0.648438 0.320312
vt 0.640625 0.320312
vt 0.640625 0.328125
vt 0.648438 0.328125
vt 0.312500 0.242188
vt 0.320312 0.242188
vt 0.320312 1.000000
vt 0.312500 1.000000
vt 0.093750 0.242188
vt 0.132812 0.242188
vt 0.132812 1.000000
vt 0.093750 1.000000
vt 0.328125 0.242188
vt 0.335938 0.242188
vt 0.335938 1.000000
vt 0.328125 1.000000
vt 0.140625 0.242188
vt 0.179688 0.242188
vt 0.179688 1.000000
vt 0.140625 1.000000
vt 0.460938 0.953125
vt 0.453125 0.953125
vt 0.453125 0.914062
vt 0.460938 0.914062
vt 0.460938 0.867188
vt 0.453125 0.867188
vt 0.453125 0.906250
vt 0.460938 0.906250
vt 0.671875 0.351562
vt 0.679688 0.351562
vt 0.679688 0.359375
vt 0.671875 0.359375
vt 0.656250 0.320312
vt 0.664062 0.320312
vt 0.664062 0.328125
vt 0.656250 0.328125
vt 0.671875 0.335938
vt 0.679688 0.335938
vt 0.679688 0.343750
vt 0.671875 0.343750
vt 0.671875 0.320312
vt 0.679688 0.320312
vt 0.679688 0.328125
vt 0.671875 0.328125
vt 0.695312 1.000000
vt 0.687500 1.000000
vt 0.687500 0.992188
vt 0.695312 0.992188
vt 0.695312 0.976562
vt 0.687500 0.976562
vt 0.687500 0.984375
vt 0.695312 0.984375
vt 0.468750 0.867188
vt 0.492188 0.867188
vt 0.492188 0.875000
vt 0.468750 0.875000
vt 0.406250 0.726562
vt 0.468750 0.726562
vt 0.468750 0.734375
vt 0.406250 0.734375
vt 0.468750 0.773438
vt 0.492188 0.773438
vt 0.492188 0.781250
vt 0.468750 0.781250
vt 0.406250 0.648438
vt 0.468750 0.648438
vt 0.468750 0.656250
vt 0.406250 0.656250
vt 0.382812 1.000000
vt 0.359375 1.000000
vt 0.359375 0.945312
vt 0.382812 0.945312
vt 0.382812 0.882812
vt 0.359375 0.882812
vt 0.359375 0.937500
vt 0.382812 0.937500
vt 0.484375 0.929688
vt 0.507812 0.929688
vt 0.507812 0.937500
vt 0.484375 0.937500
vt 0.687500 0.960938
vt 0.695312 0.960938
vt 0.695312 0.968750
vt 0.687500 0.968750
vt 0.484375 0.914062
vt 0.507812 0.914062
vt 0.507812 0.921875
vt 0.484375 0.921875
vt 0.687500 0.945312
vt 0.695312 0.945312
vt 0.695312 0.953125
vt 0.687500 0.953125
vt 0.507812 0.906250
vt 0.484375 0.906250
vt 0.484375 0.898438
vt 0.507812 0.898438
vt 0.507812 0.882812
vt 0.484375 0.882812
vt 0.484375 0.890625
vt 0.507812 0.890625
vt 0.484375 0.726562
vt 0.507812 0.726562
vt 0.507812 0.734375
vt 0.484375 0.734375
vt 0.687500 0.929688
vt 0.695312 0.929688
vt 0.695312 0.937500
vt 0.687500 0.937500
vt 0.484375 0.710938
vt 0.507812 0.710938
vt 0.507812 0.718750
vt 0.484375 0.718750
vt 0.687500 0.914062
vt 0.695312 0.914062
vt 0.695312 0.921875
vt 0.687500 0.921875
vt 0.507812 0.687500
vt 0.484375 0.687500
vt 0.484375 0.679688
vt 0.507812 0.679688
vt 0.507812 0.664062
vt 0.484375 0.664062
vt 0.484375 0.671875
vt 0.507812 0.671875
vt 0.687500 0.898438
vt 0.695312 0.898438
vt 0.695312 0.906250
vt 0.687500 0.906250
vt 0.687500 0.882812
vt 0.695312 0.882812
vt 0.695312 0.890625
vt 0.687500 0.890625
vt 0.687500 0.867188
vt 0.695312 0.867188
vt 0.695312 0.875000
vt 0.687500 0.875000
vt 0.695312 0.851562
vt 0.695312 0.859375
vt 0.695312 0.843750
vt 0.695312 0.835938
vt 0.695312 0.820312
vt 0.695312 0.828125
vt 0.695312 0.804688
vt 0.695312 0.812500
vt 0.687500 0.789062
vt 0.695312 0.789062
vt 0.695312 0.796875
vt 0.687500 0.796875
vt 0.218750 0.304688
vt 0.226562 0.304688
vt 0.226562 0.312500
vt 0.218750 0.312500
vt 0.687500 0.773438
vt 0.695312 0.773438
vt 0.695312 0.781250
vt 0.687500 0.781250
vt 0.242188 0.312500
vt 0.234375 0.312500
vt 0.234375 0.304688
vt 0.242188 0.304688
vt 0.695312 0.757812
vt 0.687500 0.757812
vt 0.687500 0.765625
vt 0.695312 0.765625
vt 0.250000 0.304688
vt 0.257812 0.304688
vt 0.257812 0.312500
vt 0.250000 0.312500
vt 0.687500 0.742188
vt 0.703125 0.742188
vt 0.703125 0.750000
vt 0.687500 0.750000
vt 0.265625 0.304688
vt 0.273438 0.304688
vt 0.273438 0.312500
vt 0.265625 0.312500
vt 0.687500 0.726562
vt 0.695312 0.726562
vt 0.695312 0.734375
vt 0.687500 0.734375
vt 0.289062 0.312500
vt 0.281250 0.312500
vt 0.281250 0.304688
vt 0.289062 0.304688
vt 0.695312 0.710938
vt 0.687500 0.710938
vt 0.687500 0.718750
vt 0.695312 0.718750
vt 0.296875 0.304688
vt 0.304688 0.304688
vt 0.304688 0.312500
vt 0.296875 0.312500
vt 0.687500 0.695312
vt 0.695312 0.695312
vt 0.695312 0.703125
vt 0.687500 0.703125
vt 0.687500 0.679688
vt 0.695312 0.679688
vt 0.695312 0.687500
vt 0.687500 0.687500
vt 0.687500 0.664062
vt 0.695312 0.664062
vt 0.695312 0.671875
vt 0.687500 0.671875
vt 0.351562 0.312500
vt 0.343750 0.312500
vt 0.343750 0.304688
vt 0.351562 0.304688
vt 0.695312 0.648438
vt 0.687500 0.648438
vt 0.687500 0.656250
vt 0.695312 0.656250
vt 0.359375 0.304688
vt 0.367188 0.304688
vt 0.367188 0.312500
vt 0.359375 0.312500
vt 0.687500 0.632812
vt 0.695312 0.632812
vt 0.695312 0.640625
vt 0.687500 0.640625
vt 0.375000 0.304688
vt 0.382812 0.304688
vt 0.382812 0.312500
vt 0.375000 0.312500
vt 0.687500 0.617188
vt 0.695312 0.617188
vt 0.695312 0.625000
vt 0.687500 0.625000
vt 0.398438 0.312500
vt 0.390625 0.312500
vt 0.390625 0.304688
vt 0.398438 0.304688
vt 0.695312 0.601562
vt 0.687500 0.601562
vt 0.687500 0.609375
vt 0.695312 0.609375
vt 0.484375 0.648438
vt 0.507812 0.648438
vt 0.507812 0.656250
vt 0.484375 0.656250
vt 0.406250 0.304688
vt 0.414062 0.304688
vt 0.414062 0.312500
vt 0.406250 0.312500
vt 0.359375 0.507812
vt 0.382812 0.507812
vt 0.382812 0.515625
vt 0.687500 0.585938
vt 0.695312 0.585938
vt 0.695312 0.593750
vt 0.687500 0.593750
vt 0.507812 0.640625
vt 0.484375 0.640625
vt 0.484375 0.632812
vt 0.507812 0.632812
vt 0.507812 0.617188
vt 0.484375 0.617188
vt 0.484375 0.625000
vt 0.507812 0.625000
vt 0.390625 0.507812
vt 0.414062 0.507812
vt 0.390625 0.515625
vt 0.421875 0.304688
vt 0.429688 0.304688
vt 0.429688 0.312500
vt 0.421875 0.312500
vt 0.484375 0.601562
vt 0.507812 0.601562
vt 0.507812 0.609375
vt 0.484375 0.609375
vt 0.687500 0.570312
vt 0.695312 0.570312
vt 0.695312 0.578125
vt 0.687500 0.578125
vt 0.507812 0.593750
vt 0.484375 0.593750
vt 0.484375 0.585938
vt 0.507812 0.585938
vt 0.445312 0.507812
vt 0.421875 0.507812
vt 0.445312 0.515625
vt 0.484375 0.570312
vt 0.507812 0.570312
vt 0.507812 0.578125
vt 0.484375 0.578125
vt 0.445312 0.304688
vt 0.445312 0.312500
vt 0.484375 0.554688
vt 0.507812 0.554688
vt 0.507812 0.562500
vt 0.484375 0.562500
vt 0.687500 0.554688
vt 0.703125 0.554688
vt 0.703125 0.562500
vt 0.687500 0.562500
vt 0.507812 0.546875
vt 0.484375 0.546875
vt 0.484375 0.539062
vt 0.507812 0.539062
vt 0.507812 0.523438
vt 0.484375 0.523438
vt 0.484375 0.531250
vt 0.507812 0.531250
vt 0.484375 0.507812
vt 0.507812 0.507812
vt 0.507812 0.515625
vt 0.484375 0.515625
vt 0.453125 0.304688
vt 0.460938 0.304688
vt 0.460938 0.312500
vt 0.453125 0.312500
vt 0.500000 0.992188
vt 0.523438 0.992188
vt 0.523438 1.000000
vt 0.500000 1.000000
vt 0.687500 0.539062
vt 0.695312 0.539062
vt 0.695312 0.546875
vt 0.687500 0.546875
vt 0.523438 0.984375
vt 0.500000 0.984375
vt 0.500000 0.976562
vt 0.523438 0.976562
vt 0.523438 0.960938
vt 0.500000 0.960938
vt 0.500000 0.968750
vt 0.523438 0.968750
vt 0.500000 0.945312
vt 0.523438 0.945312
vt 0.523438 0.953125
vt 0.500000 0.953125
vt 0.468750 0.304688
vt 0.476562 0.304688
vt 0.476562 0.312500
vt 0.468750 0.312500
vt 0.500000 0.867188
vt 0.523438 0.867188
vt 0.523438 0.875000
vt 0.500000 0.875000
vt 0.687500 0.523438
vt 0.695312 0.523438
vt 0.695312 0.531250
vt 0.687500 0.531250
vt 0.523438 0.859375
vt 0.500000 0.859375
vt 0.500000 0.851562
vt 0.523438 0.851562
vt 0.523438 0.835938
vt 0.500000 0.835938
vt 0.500000 0.843750
vt 0.523438 0.843750
vt 0.500000 0.820312
vt 0.523438 0.820312
vt 0.523438 0.828125
vt 0.500000 0.828125
vt 0.484375 0.304688
vt 0.492188 0.304688
vt 0.492188 0.312500
vt 0.484375 0.312500
vt 0.500000 0.804688
vt 0.523438 0.804688
vt 0.523438 0.812500
vt 0.500000 0.812500
vt 0.687500 0.507812
vt 0.695312 0.507812
vt 0.695312 0.515625
vt 0.687500 0.515625
vt 0.523438 0.796875
vt 0.500000 0.796875
vt 0.500000 0.789062
vt 0.523438 0.789062
vt 0.523438 0.773438
vt 0.500000 0.773438
vt 0.500000 0.781250
vt 0.523438 0.781250
vt 0.500000 0.757812
vt 0.523438 0.757812
vt 0.523438 0.765625
vt 0.500000 0.765625
vt 0.500000 0.304688
vt 0.507812 0.304688
vt 0.507812 0.312500
vt 0.500000 0.312500
vt 0.500000 0.742188
vt 0.523438 0.742188
vt 0.523438 0.750000
vt 0.500000 0.750000
vt 0.687500 0.492188
vt 0.695312 0.492188
vt 0.695312 0.500000
vt 0.687500 0.500000
vt 0.523438 0.703125
vt 0.500000 0.703125
vt 0.500000 0.695312
vt 0.523438 0.695312
vt 0.382812 0.492188
vt 0.359375 0.492188
vt 0.359375 0.500000
vt 0.382812 0.500000
vt 0.390625 0.492188
vt 0.414062 0.492188
vt 0.414062 0.500000
vt 0.390625 0.500000
vt 0.515625 0.304688
vt 0.523438 0.304688
vt 0.523438 0.312500
vt 0.515625 0.312500
vt 0.421875 0.492188
vt 0.445312 0.492188
vt 0.445312 0.500000
vt 0.421875 0.500000
vt 0.687500 0.476562
vt 0.695312 0.476562
vt 0.695312 0.484375
vt 0.687500 0.484375
vt 0.476562 0.500000
vt 0.453125 0.500000
vt 0.453125 0.492188
vt 0.476562 0.492188
vt 0.507812 0.492188
vt 0.484375 0.492188
vt 0.484375 0.500000
vt 0.507812 0.500000
vt 0.515625 0.929688
vt 0.539062 0.929688
vt 0.539062 0.937500
vt 0.515625 0.937500
vt 0.531250 0.304688
vt 0.539062 0.304688
vt 0.539062 0.312500
vt 0.531250 0.312500
vt 0.515625 0.914062
vt 0.539062 0.914062
vt 0.539062 0.921875
vt 0.515625 0.921875
vt 0.687500 0.460938
vt 0.695312 0.460938
vt 0.695312 0.468750
vt 0.687500 0.468750
vt 0.539062 0.906250
vt 0.515625 0.906250
vt 0.515625 0.898438
vt 0.539062 0.898438
vt 0.539062 0.882812
vt 0.515625 0.882812
vt 0.515625 0.890625
vt 0.539062 0.890625
vt 0.218750 0.476562
vt 0.242188 0.476562
vt 0.242188 0.484375
vt 0.218750 0.484375
vt 0.546875 0.304688
vt 0.554688 0.304688
vt 0.554688 0.312500
vt 0.546875 0.312500
vt 0.250000 0.476562
vt 0.273438 0.476562
vt 0.273438 0.484375
vt 0.250000 0.484375
vt 0.687500 0.445312
vt 0.695312 0.445312
vt 0.695312 0.453125
vt 0.687500 0.453125
vt 0.539062 0.734375
vt 0.515625 0.734375
vt 0.515625 0.726562
vt 0.539062 0.726562
vt 0.304688 0.476562
vt 0.281250 0.476562
vt 0.281250 0.484375
vt 0.304688 0.484375
vt 0.515625 0.710938
vt 0.539062 0.710938
vt 0.539062 0.718750
vt 0.515625 0.718750
vt 0.562500 0.304688
vt 0.570312 0.304688
vt 0.570312 0.312500
vt 0.562500 0.312500
vt 0.515625 0.679688
vt 0.539062 0.679688
vt 0.539062 0.687500
vt 0.515625 0.687500
vt 0.687500 0.429688
vt 0.695312 0.429688
vt 0.695312 0.437500
vt 0.687500 0.437500
vt 0.539062 0.671875
vt 0.515625 0.671875
vt 0.515625 0.664062
vt 0.539062 0.664062
vt 0.539062 0.648438
vt 0.515625 0.648438
vt 0.515625 0.656250
vt 0.539062 0.656250
vt 0.359375 0.476562
vt 0.382812 0.476562
vt 0.382812 0.484375
vt 0.359375 0.484375
vt 0.578125 0.304688
vt 0.585938 0.304688
vt 0.585938 0.312500
vt 0.578125 0.312500
vt 0.515625 0.632812
vt 0.539062 0.632812
vt 0.539062 0.640625
vt 0.515625 0.640625
vt 0.687500 0.414062
vt 0.695312 0.414062
vt 0.695312 0.421875
vt 0.687500 0.421875
vt 0.539062 0.625000
vt 0.515625 0.625000
vt 0.515625 0.617188
vt 0.539062 0.617188
vt 0.414062 0.476562
vt 0.390625 0.476562
vt 0.390625 0.484375
vt 0.414062 0.484375
vt 0.515625 0.601562
vt 0.539062 0.601562
vt 0.539062 0.609375
vt 0.515625 0.609375
vt 0.593750 0.304688
vt 0.601562 0.304688
vt 0.601562 0.312500
vt 0.593750 0.312500
vt 0.515625 0.585938
vt 0.539062 0.585938
vt 0.539062 0.593750
vt 0.515625 0.593750
vt 0.687500 0.398438
vt 0.695312 0.398438
vt 0.695312 0.406250
vt 0.687500 0.406250
vt 0.445312 0.484375
vt 0.421875 0.484375
vt 0.421875 0.476562
vt 0.445312 0.476562
vt 0.539062 0.570312
vt 0.515625 0.570312
vt 0.515625 0.578125
vt 0.539062 0.578125
vt 0.515625 0.554688
vt 0.539062 0.554688
vt 0.539062 0.562500
vt 0.515625 0.562500
vt 0.609375 0.304688
vt 0.617188 0.304688
vt 0.617188 0.312500
vt 0.609375 0.312500
vt 0.453125 0.476562
vt 0.476562 0.476562
vt 0.476562 0.484375
vt 0.453125 0.484375
vt 0.687500 0.382812
vt 0.695312 0.382812
vt 0.695312 0.390625
vt 0.687500 0.390625
vt 0.539062 0.546875
vt 0.515625 0.546875
vt 0.515625 0.539062
vt 0.539062 0.539062
vt 0.539062 0.523438
vt 0.515625 0.523438
vt 0.515625 0.531250
vt 0.539062 0.531250
vt 0.484375 0.476562
vt 0.507812 0.476562
vt 0.507812 0.484375
vt 0.484375 0.484375
vt 0.625000 0.304688
vt 0.632812 0.304688
vt 0.632812 0.312500
vt 0.625000 0.312500
vt 0.515625 0.507812
vt 0.539062 0.507812
vt 0.539062 0.515625
vt 0.515625 0.515625
vt 0.687500 0.367188
vt 0.695312 0.367188
vt 0.695312 0.375000
vt 0.687500 0.375000
vt 0.539062 0.500000
vt 0.515625 0.500000
vt 0.515625 0.492188
vt 0.539062 0.492188
vt 0.539062 0.476562
vt 0.515625 0.476562
vt 0.515625 0.484375
vt 0.539062 0.484375
vt 0.703125 0.648438
vt 0.710938 0.648438
vt 0.710938 0.656250
vt 0.703125 0.656250
vt 0.359375 0.289062
vt 0.367188 0.289062
vt 0.367188 0.296875
vt 0.359375 0.296875
vt 0.703125 0.632812
vt 0.710938 0.632812
vt 0.710938 0.640625
vt 0.703125 0.640625
vt 0.375000 0.289062
vt 0.382812 0.289062
vt 0.382812 0.296875
vt 0.375000 0.296875
vt 0.710938 0.625000
vt 0.703125 0.625000
vt 0.703125 0.617188
vt 0.710938 0.617188
vt 0.398438 0.289062
vt 0.390625 0.289062
vt 0.390625 0.296875
vt 0.398438 0.296875
vt 0.703125 0.601562
vt 0.710938 0.601562
vt 0.710938 0.609375
vt 0.703125 0.609375
vt 0.406250 0.289062
vt 0.414062 0.289062
vt 0.414062 0.296875
vt 0.406250 0.296875
vt 0.703125 0.585938
vt 0.710938 0.585938
vt 0.710938 0.593750
vt 0.703125 0.593750
vt 0.421875 0.289062
vt 0.429688 0.289062
vt 0.429688 0.296875
vt 0.421875 0.296875
vt 0.710938 0.578125
vt 0.703125 0.578125
vt 0.703125 0.570312
vt 0.710938 0.570312
vt 0.445312 0.289062
vt 0.437500 0.289062
vt 0.437500 0.296875
vt 0.445312 0.296875
vt 0.710938 0.554688
vt 0.710938 0.562500
vt 0.453125 0.289062
vt 0.460938 0.289062
vt 0.460938 0.296875
vt 0.453125 0.296875
vt 0.703125 0.539062
vt 0.710938 0.539062
vt 0.710938 0.546875
vt 0.703125 0.546875
vt 0.468750 0.289062
vt 0.476562 0.289062
vt 0.476562 0.296875
vt 0.468750 0.296875
vt 0.710938 0.531250
vt 0.703125 0.531250
vt 0.703125 0.523438
vt 0.710938 0.523438
vt 0.492188 0.289062
vt 0.484375 0.289062
vt 0.484375 0.296875
vt 0.492188 0.296875
vt 0.703125 0.507812
vt 0.710938 0.507812
vt 0.710938 0.515625
vt 0.703125 0.515625
vt 0.500000 0.289062
vt 0.507812 0.289062
vt 0.507812 0.296875
vt 0.500000 0.296875
vt 0.703125 0.492188
vt 0.710938 0.492188
vt 0.710938 0.500000
vt 0.703125 0.500000
vt 0.515625 0.289062
vt 0.523438 0.289062
vt 0.523438 0.296875
vt 0.515625 0.296875
vt 0.710938 0.484375
vt 0.703125 0.484375
vt 0.703125 0.476562
vt 0.710938 0.476562
vt 0.539062 0.289062
vt 0.531250 0.289062
vt 0.531250 0.296875
vt 0.539062 0.296875
vt 0.250000 0.414062
vt 0.273438 0.414062
vt 0.273438 0.421875
vt 0.250000 0.421875
vt 0.703125 0.460938
vt 0.710938 0.460938
vt 0.710938 0.468750
vt 0.703125 0.468750
vt 0.578125 0.742188
vt 0.601562 0.742188
vt 0.601562 0.750000
vt 0.578125 0.750000
vt 0.546875 0.289062
vt 0.554688 0.289062
vt 0.554688 0.296875
vt 0.546875 0.296875
vt 0.601562 0.734375
vt 0.578125 0.734375
vt 0.578125 0.726562
vt 0.601562 0.726562
vt 0.304688 0.414062
vt 0.281250 0.414062
vt 0.281250 0.421875
vt 0.304688 0.421875
vt 0.578125 0.710938
vt 0.601562 0.710938
vt 0.601562 0.718750
vt 0.578125 0.718750
vt 0.703125 0.445312
vt 0.710938 0.445312
vt 0.710938 0.453125
vt 0.703125 0.453125
vt 0.578125 0.679688
vt 0.601562 0.679688
vt 0.601562 0.687500
vt 0.578125 0.687500
vt 0.562500 0.289062
vt 0.570312 0.289062
vt 0.570312 0.296875
vt 0.562500 0.296875
vt 0.601562 0.671875
vt 0.578125 0.671875
vt 0.578125 0.664062
vt 0.601562 0.664062
vt 0.601562 0.648438
vt 0.578125 0.648438
vt 0.578125 0.656250
vt 0.601562 0.656250
vt 0.359375 0.414062
vt 0.382812 0.414062
vt 0.382812 0.421875
vt 0.359375 0.421875
vt 0.703125 0.429688
vt 0.710938 0.429688
vt 0.710938 0.437500
vt 0.703125 0.437500
vt 0.578125 0.632812
vt 0.601562 0.632812
vt 0.601562 0.640625
vt 0.578125 0.640625
vt 0.578125 0.289062
vt 0.585938 0.289062
vt 0.585938 0.296875
vt 0.578125 0.296875
vt 0.601562 0.625000
vt 0.578125 0.625000
vt 0.578125 0.617188
vt 0.601562 0.617188
vt 0.414062 0.414062
vt 0.390625 0.414062
vt 0.390625 0.421875
vt 0.414062 0.421875
vt 0.578125 0.601562
vt 0.601562 0.601562
vt 0.601562 0.609375
vt 0.578125 0.609375
vt 0.703125 0.414062
vt 0.710938 0.414062
vt 0.710938 0.421875
vt 0.703125 0.421875
vt 0.578125 0.585938
vt 0.601562 0.585938
vt 0.601562 0.593750
vt 0.578125 0.593750
vt 0.593750 0.289062
vt 0.601562 0.289062
vt 0.601562 0.296875
vt 0.593750 0.296875
vt 0.445312 0.421875
vt 0.421875 0.421875
vt 0.421875 0.414062
vt 0.445312 0.414062
vt 0.601562 0.570312
vt 0.578125 0.570312
vt 0.578125 0.578125
vt 0.601562 0.578125
vt 0.578125 0.554688
vt 0.601562 0.554688
vt 0.601562 0.562500
vt 0.578125 0.562500
vt 0.703125 0.398438
vt 0.710938 0.398438
vt 0.710938 0.406250
vt 0.703125 0.406250
vt 0.453125 0.414062
vt 0.476562 0.414062
vt 0.476562 0.421875
vt 0.453125 0.421875
vt 0.609375 0.289062
vt 0.617188 0.289062
vt 0.617188 0.296875
vt 0.609375 0.296875
vt 0.601562 0.546875
vt 0.578125 0.546875
vt 0.578125 0.539062
vt 0.601562 0.539062
vt 0.601562 0.523438
vt 0.578125 0.523438
vt 0.578125 0.531250
vt 0.601562 0.531250
vt 0.484375 0.414062
vt 0.507812 0.414062
vt 0.507812 0.421875
vt 0.484375 0.421875
vt 0.703125 0.382812
vt 0.710938 0.382812
vt 0.710938 0.390625
vt 0.703125 0.390625
vt 0.578125 0.507812
vt 0.601562 0.507812
vt 0.601562 0.515625
vt 0.578125 0.515625
vt 0.625000 0.289062
vt 0.632812 0.289062
vt 0.632812 0.296875
vt 0.625000 0.296875
vt 0.601562 0.500000
vt 0.578125 0.500000
vt 0.578125 0.492188
vt 0.601562 0.492188
vt 0.539062 0.414062
vt 0.515625 0.414062
vt 0.515625 0.421875
vt 0.539062 0.421875
vt 0.578125 0.476562
vt 0.601562 0.476562
vt 0.601562 0.484375
vt 0.578125 0.484375
vt 0.703125 0.367188
vt 0.710938 0.367188
vt 0.710938 0.375000
vt 0.703125 0.375000
vt 0.578125 0.460938
vt 0.601562 0.460938
vt 0.601562 0.468750
vt 0.578125 0.468750
vt 0.640625 0.289062
vt 0.648438 0.289062
vt 0.648438 0.296875
vt 0.640625 0.296875
vt 0.570312 0.421875
vt 0.546875 0.421875
vt 0.546875 0.414062
vt 0.570312 0.414062
vt 0.601562 0.445312
vt 0.578125 0.445312
vt 0.578125 0.453125
vt 0.601562 0.453125
vt 0.578125 0.429688
vt 0.601562 0.429688
vt 0.601562 0.437500
vt 0.578125 0.437500
vt 0.703125 0.351562
vt 0.710938 0.351562
vt 0.710938 0.359375
vt 0.703125 0.359375
vt 0.578125 0.414062
vt 0.601562 0.414062
vt 0.601562 0.421875
vt 0.578125 0.421875
vt 0.656250 0.289062
vt 0.664062 0.289062
vt 0.664062 0.296875
vt 0.656250 0.296875
vt 0.617188 1.000000
vt 0.593750 1.000000
vt 0.593750 0.992188
vt 0.617188 0.992188
vt 0.617188 0.976562
vt 0.593750 0.976562
vt 0.593750 0.984375
vt 0.617188 0.984375
vt 0.593750 0.960938
vt 0.617188 0.960938
vt 0.617188 0.968750
vt 0.593750 0.968750
vt 0.703125 0.335938
vt 0.710938 0.335938
vt 0.710938 0.343750
vt 0.703125 0.343750
vt 0.593750 0.945312
vt 0.617188 0.945312
vt 0.617188 0.953125
vt 0.593750 0.953125
vt 0.671875 0.289062
vt 0.679688 0.289062
vt 0.679688 0.296875
vt 0.671875 0.296875
vt 0.617188 0.875000
vt 0.593750 0.875000
vt 0.593750 0.867188
vt 0.617188 0.867188
vt 0.617188 0.851562
vt 0.593750 0.851562
vt 0.593750 0.859375
vt 0.617188 0.859375
vt 0.593750 0.835938
vt 0.617188 0.835938
vt 0.617188 0.843750
vt 0.593750 0.843750
vt 0.703125 0.320312
vt 0.710938 0.320312
vt 0.710938 0.328125
vt 0.703125 0.328125
vt 0.593750 0.820312
vt 0.617188 0.820312
vt 0.617188 0.828125
vt 0.593750 0.828125
vt 0.687500 0.289062
vt 0.695312 0.289062
vt 0.695312 0.296875
vt 0.687500 0.296875
vt 0.242188 0.406250
vt 0.218750 0.406250
vt 0.218750 0.398438
vt 0.242188 0.398438
vt 0.617188 0.773438
vt 0.593750 0.773438
vt 0.593750 0.781250
vt 0.617188 0.781250
vt 0.250000 0.398438
vt 0.273438 0.398438
vt 0.273438 0.406250
vt 0.250000 0.406250
vt 0.703125 0.304688
vt 0.710938 0.304688
vt 0.710938 0.312500
vt 0.703125 0.312500
vt 0.281250 0.398438
vt 0.304688 0.398438
vt 0.304688 0.406250
vt 0.281250 0.406250
vt 0.703125 0.289062
vt 0.710938 0.289062
vt 0.710938 0.296875
vt 0.703125 0.296875
vt 0.617188 0.703125
vt 0.593750 0.703125
vt 0.593750 0.695312
vt 0.617188 0.695312
vt 0.367188 0.398438
vt 0.343750 0.398438
vt 0.343750 0.406250
vt 0.367188 0.406250
vt 0.375000 0.398438
vt 0.398438 0.398438
vt 0.398438 0.406250
vt 0.375000 0.406250
vt 0.718750 0.992188
vt 0.734375 0.992188
vt 0.734375 1.000000
vt 0.718750 1.000000
vt 0.406250 0.398438
vt 0.429688 0.398438
vt 0.429688 0.406250
vt 0.406250 0.406250
vt 0.718750 0.976562
vt 0.734375 0.976562
vt 0.734375 0.984375
vt 0.718750 0.984375
vt 0.460938 0.406250
vt 0.437500 0.406250
vt 0.437500 0.398438
vt 0.460938 0.398438
vt 0.492188 0.398438
vt 0.468750 0.398438
vt 0.468750 0.406250
vt 0.492188 0.406250
vt 0.500000 0.398438
vt 0.523438 0.398438
vt 0.523438 0.406250
vt 0.500000 0.406250
vt 0.718750 0.960938
vt 0.726562 0.960938
vt 0.726562 0.968750
vt 0.718750 0.968750
vt 0.531250 0.398438
vt 0.554688 0.398438
vt 0.554688 0.406250
vt 0.531250 0.406250
vt 0.718750 0.945312
vt 0.726562 0.945312
vt 0.726562 0.953125
vt 0.718750 0.953125
vt 0.585938 0.406250
vt 0.562500 0.406250
vt 0.562500 0.398438
vt 0.585938 0.398438
vt 0.617188 0.398438
vt 0.593750 0.398438
vt 0.593750 0.406250
vt 0.617188 0.406250
vt 0.609375 0.929688
vt 0.632812 0.929688
vt 0.632812 0.937500
vt 0.609375 0.937500
vt 0.718750 0.929688
vt 0.726562 0.929688
vt 0.726562 0.937500
vt 0.718750 0.937500
vt 0.609375 0.914062
vt 0.632812 0.914062
vt 0.632812 0.921875
vt 0.609375 0.921875
vt 0.718750 0.914062
vt 0.726562 0.914062
vt 0.726562 0.921875
vt 0.718750 0.921875
vt 0.632812 0.906250
vt 0.609375 0.906250
vt 0.609375 0.898438
vt 0.632812 0.898438
vt 0.632812 0.882812
vt 0.609375 0.882812
vt 0.609375 0.890625
vt 0.632812 0.890625
vt 0.609375 0.804688
vt 0.632812 0.804688
vt 0.632812 0.812500
vt 0.609375 0.812500
vt 0.718750 0.898438
vt 0.726562 0.898438
vt 0.726562 0.906250
vt 0.718750 0.906250
vt 0.609375 0.789062
vt 0.632812 0.789062
vt 0.632812 0.796875
vt 0.609375 0.796875
vt 0.718750 0.882812
vt 0.726562 0.882812
vt 0.726562 0.890625
vt 0.718750 0.890625
vt 0.242188 0.390625
vt 0.218750 0.390625
vt 0.218750 0.382812
vt 0.242188 0.382812
vt 0.632812 0.757812
vt 0.609375 0.757812
vt 0.609375 0.765625
vt 0.718750 0.867188
vt 0.726562 0.867188
vt 0.726562 0.875000
vt 0.718750 0.875000
vt 0.718750 0.851562
vt 0.734375 0.851562
vt 0.734375 0.859375
vt 0.718750 0.859375
vt 0.718750 0.835938
vt 0.726562 0.835938
vt 0.726562 0.843750
vt 0.718750 0.843750
vt 0.718750 0.820312
vt 0.726562 0.820312
vt 0.726562 0.828125
vt 0.718750 0.828125
vt 0.726562 0.812500
vt 0.718750 0.812500
vt 0.718750 0.804688
vt 0.726562 0.804688
vt 0.726562 0.789062
vt 0.718750 0.789062
vt 0.718750 0.796875
vt 0.726562 0.796875
vt 0.250000 0.382812
vt 0.273438 0.382812
vt 0.273438 0.390625
vt 0.250000 0.390625
vt 0.218750 0.273438
vt 0.234375 0.273438
vt 0.234375 0.281250
vt 0.218750 0.281250
vt 0.609375 0.742188
vt 0.632812 0.742188
vt 0.632812 0.750000
vt 0.609375 0.750000
vt 0.718750 0.773438
vt 0.734375 0.773438
vt 0.734375 0.781250
vt 0.718750 0.781250
vt 0.632812 0.734375
vt 0.609375 0.734375
vt 0.609375 0.726562
vt 0.632812 0.726562
vt 0.304688 0.382812
vt 0.281250 0.382812
vt 0.281250 0.390625
vt 0.304688 0.390625
vt 0.609375 0.710938
vt 0.632812 0.710938
vt 0.632812 0.718750
vt 0.609375 0.718750
vt 0.242188 0.273438
vt 0.242188 0.281250
vt 0.609375 0.679688
vt 0.632812 0.679688
vt 0.609375 0.687500
vt 0.718750 0.757812
vt 0.726562 0.757812
vt 0.726562 0.765625
vt 0.718750 0.765625
vt 0.632812 0.671875
vt 0.609375 0.671875
vt 0.609375 0.664062
vt 0.632812 0.664062
vt 0.367188 0.382812
vt 0.343750 0.382812
vt 0.343750 0.390625
vt 0.367188 0.390625
vt 0.609375 0.648438
vt 0.632812 0.648438
vt 0.632812 0.656250
vt 0.609375 0.656250
vt 0.250000 0.273438
vt 0.257812 0.273438
vt 0.257812 0.281250
vt 0.250000 0.281250
vt 0.609375 0.632812
vt 0.632812 0.632812
vt 0.632812 0.640625
vt 0.609375 0.640625
vt 0.718750 0.742188
vt 0.726562 0.742188
vt 0.726562 0.750000
vt 0.718750 0.750000
vt 0.398438 0.390625
vt 0.375000 0.390625
vt 0.375000 0.382812
vt 0.398438 0.382812
vt 0.632812 0.617188
vt 0.609375 0.617188
vt 0.609375 0.625000
vt 0.632812 0.625000
vt 0.609375 0.601562
vt 0.632812 0.601562
vt 0.632812 0.609375
vt 0.609375 0.609375
vt 0.265625 0.273438
vt 0.273438 0.273438
vt 0.273438 0.281250
vt 0.265625 0.281250
vt 0.406250 0.382812
vt 0.429688 0.382812
vt 0.429688 0.390625
vt 0.406250 0.390625
vt 0.718750 0.726562
vt 0.726562 0.726562
vt 0.726562 0.734375
vt 0.718750 0.734375
vt 0.632812 0.593750
vt 0.609375 0.593750
vt 0.609375 0.585938
vt 0.632812 0.585938
vt 0.632812 0.570312
vt 0.609375 0.570312
vt 0.609375 0.578125
vt 0.632812 0.578125
vt 0.437500 0.382812
vt 0.460938 0.382812
vt 0.460938 0.390625
vt 0.437500 0.390625
vt 0.281250 0.273438
vt 0.289062 0.273438
vt 0.289062 0.281250
vt 0.281250 0.281250
vt 0.609375 0.554688
vt 0.632812 0.554688
vt 0.632812 0.562500
vt 0.609375 0.562500
vt 0.718750 0.710938
vt 0.726562 0.710938
vt 0.726562 0.718750
vt 0.718750 0.718750
vt 0.632812 0.546875
vt 0.609375 0.546875
vt 0.609375 0.539062
vt 0.632812 0.539062
vt 0.492188 0.382812
vt 0.468750 0.382812
vt 0.468750 0.390625
vt 0.492188 0.390625
vt 0.609375 0.523438
vt 0.632812 0.523438
vt 0.632812 0.531250
vt 0.609375 0.531250
vt 0.296875 0.273438
vt 0.304688 0.273438
vt 0.304688 0.281250
vt 0.296875 0.281250
vt 0.609375 0.507812
vt 0.632812 0.507812
vt 0.632812 0.515625
vt 0.609375 0.515625
vt 0.718750 0.695312
vt 0.726562 0.695312
vt 0.726562 0.703125
vt 0.718750 0.703125
vt 0.523438 0.390625
vt 0.500000 0.390625
vt 0.500000 0.382812
vt 0.523438 0.382812
vt 0.632812 0.492188
vt 0.609375 0.492188
vt 0.609375 0.500000
vt 0.632812 0.500000
vt 0.609375 0.476562
vt 0.632812 0.476562
vt 0.632812 0.484375
vt 0.609375 0.484375
vt 0.718750 0.679688
vt 0.726562 0.679688
vt 0.726562 0.687500
vt 0.718750 0.687500
vt 0.531250 0.382812
vt 0.554688 0.382812
vt 0.554688 0.390625
vt 0.531250 0.390625
vt 0.718750 0.664062
vt 0.726562 0.664062
vt 0.726562 0.671875
vt 0.718750 0.671875
vt 0.632812 0.468750
vt 0.609375 0.468750
vt 0.609375 0.460938
vt 0.632812 0.460938
vt 0.632812 0.445312
vt 0.609375 0.445312
vt 0.609375 0.453125
vt 0.632812 0.453125
vt 0.562500 0.382812
vt 0.585938 0.382812
vt 0.585938 0.390625
vt 0.562500 0.390625
vt 0.343750 0.273438
vt 0.359375 0.273438
vt 0.359375 0.281250
vt 0.343750 0.281250
vt 0.609375 0.429688
vt 0.632812 0.429688
vt 0.632812 0.437500
vt 0.609375 0.437500
vt 0.718750 0.648438
vt 0.734375 0.648438
vt 0.734375 0.656250
vt 0.718750 0.656250
vt 0.632812 0.421875
vt 0.609375 0.421875
vt 0.609375 0.414062
vt 0.632812 0.414062
vt 0.617188 0.382812
vt 0.593750 0.382812
vt 0.593750 0.390625
vt 0.617188 0.390625
vt 0.562500 0.367188
vt 0.578125 0.367188
vt 0.578125 0.375000
vt 0.562500 0.375000
vt 0.367188 0.273438
vt 0.367188 0.281250
vt 0.593750 0.367188
vt 0.593750 0.375000
vt 0.718750 0.632812
vt 0.726562 0.632812
vt 0.726562 0.640625
vt 0.718750 0.640625
vt 0.609375 0.375000
vt 0.609375 0.367188
vt 0.640625 0.398438
vt 0.625000 0.398438
vt 0.625000 0.406250
vt 0.640625 0.406250
vt 0.625000 0.367188
vt 0.625000 0.375000
vt 0.375000 0.273438
vt 0.382812 0.273438
vt 0.382812 0.281250
vt 0.375000 0.281250
vt 0.625000 0.382812
vt 0.640625 0.382812
vt 0.640625 0.390625
vt 0.625000 0.390625
vt 0.718750 0.617188
vt 0.726562 0.617188
vt 0.726562 0.625000
vt 0.718750 0.625000
vt 0.640625 0.375000
vt 0.640625 0.367188
vt 0.656250 0.992188
vt 0.640625 0.992188
vt 0.640625 1.000000
vt 0.656250 1.000000
vt 0.562500 0.273438
vt 0.570312 0.273438
vt 0.570312 0.281250
vt 0.562500 0.281250
vt 0.718750 0.429688
vt 0.726562 0.429688
vt 0.726562 0.437500
vt 0.718750 0.437500
vt 0.578125 0.273438
vt 0.585938 0.273438
vt 0.585938 0.281250
vt 0.578125 0.281250
vt 0.718750 0.414062
vt 0.726562 0.414062
vt 0.726562 0.421875
vt 0.718750 0.421875
vt 0.601562 0.281250
vt 0.593750 0.281250
vt 0.593750 0.273438
vt 0.601562 0.273438
vt 0.726562 0.398438
vt 0.718750 0.398438
vt 0.718750 0.406250
vt 0.726562 0.406250
vt 0.609375 0.273438
vt 0.617188 0.273438
vt 0.617188 0.281250
vt 0.609375 0.281250
vt 0.718750 0.382812
vt 0.726562 0.382812
vt 0.726562 0.390625
vt 0.718750 0.390625
vt 0.625000 0.273438
vt 0.632812 0.273438
vt 0.632812 0.281250
vt 0.625000 0.281250
vt 0.718750 0.367188
vt 0.726562 0.367188
vt 0.726562 0.375000
vt 0.718750 0.375000
vt 0.648438 0.281250
vt 0.640625 0.281250
vt 0.640625 0.273438
vt 0.648438 0.273438
vt 0.726562 0.351562
vt 0.718750 0.351562
vt 0.718750 0.359375
vt 0.726562 0.359375
vt 0.656250 0.273438
vt 0.664062 0.273438
vt 0.664062 0.281250
vt 0.656250 0.281250
vt 0.718750 0.335938
vt 0.726562 0.335938
vt 0.726562 0.343750
vt 0.718750 0.343750
vt 0.671875 0.273438
vt 0.679688 0.273438
vt 0.679688 0.281250
vt 0.671875 0.281250
vt 0.718750 0.320312
vt 0.726562 0.320312
vt 0.726562 0.328125
vt 0.718750 0.328125
vt 0.695312 0.281250
vt 0.687500 0.281250
vt 0.687500 0.273438
vt 0.695312 0.273438
vt 0.726562 0.304688
vt 0.718750 0.304688
vt 0.718750 0.312500
vt 0.726562 0.312500
vt 0.703125 0.273438
vt 0.710938 0.273438
vt 0.710938 0.281250
vt 0.703125 0.281250
vt 0.718750 0.289062
vt 0.726562 0.289062
vt 0.726562 0.296875
vt 0.718750 0.296875
vt 0.718750 0.273438
vt 0.726562 0.273438
vt 0.726562 0.281250
vt 0.718750 0.281250
vt 0.742188 0.992188
vt 0.742188 1.000000
vt 0.742188 0.984375
vt 0.742188 0.976562
vt 0.742188 0.960938
vt 0.734375 0.960938
vt 0.734375 0.968750
vt 0.742188 0.968750
vt 0.734375 0.945312
vt 0.742188 0.945312
vt 0.742188 0.953125
vt 0.734375 0.953125
vt 0.734375 0.929688
vt 0.742188 0.929688
vt 0.742188 0.937500
vt 0.734375 0.937500
vt 0.734375 0.914062
vt 0.742188 0.914062
vt 0.742188 0.921875
vt 0.734375 0.921875
vt 0.734375 0.898438
vt 0.750000 0.898438
vt 0.750000 0.906250
vt 0.734375 0.906250
vt 0.742188 0.890625
vt 0.734375 0.890625
vt 0.734375 0.882812
vt 0.742188 0.882812
vt 0.742188 0.867188
vt 0.734375 0.867188
vt 0.734375 0.875000
vt 0.742188 0.875000
vt 0.742188 0.851562
vt 0.742188 0.859375
vt 0.734375 0.835938
vt 0.742188 0.835938
vt 0.742188 0.843750
vt 0.734375 0.843750
vt 0.734375 0.820312
vt 0.742188 0.820312
vt 0.742188 0.828125
vt 0.734375 0.828125
vt 0.734375 0.804688
vt 0.750000 0.804688
vt 0.750000 0.812500
vt 0.734375 0.812500
vt 0.742188 0.796875
vt 0.734375 0.796875
vt 0.734375 0.789062
vt 0.742188 0.789062
vt 0.226562 0.257812
vt 0.218750 0.257812
vt 0.218750 0.265625
vt 0.226562 0.265625
vt 0.742188 0.773438
vt 0.742188 0.781250
vt 0.234375 0.257812
vt 0.242188 0.257812
vt 0.242188 0.265625
vt 0.234375 0.265625
vt 0.734375 0.757812
vt 0.742188 0.757812
vt 0.742188 0.765625
vt 0.734375 0.765625
vt 0.250000 0.257812
vt 0.257812 0.257812
vt 0.257812 0.265625
vt 0.250000 0.265625
vt 0.742188 0.750000
vt 0.734375 0.750000
vt 0.734375 0.742188
vt 0.742188 0.742188
vt 0.273438 0.257812
vt 0.265625 0.257812
vt 0.265625 0.265625
vt 0.273438 0.265625
vt 0.734375 0.726562
vt 0.742188 0.726562
vt 0.742188 0.734375
vt 0.734375 0.734375
vt 0.281250 0.257812
vt 0.289062 0.257812
vt 0.289062 0.265625
vt 0.281250 0.265625
vt 0.734375 0.710938
vt 0.742188 0.710938
vt 0.742188 0.718750
vt 0.734375 0.718750
vt 0.296875 0.257812
vt 0.304688 0.257812
vt 0.304688 0.265625
vt 0.296875 0.265625
vt 0.742188 0.703125
vt 0.734375 0.703125
vt 0.734375 0.695312
vt 0.742188 0.695312
vt 0.742188 0.679688
vt 0.734375 0.679688
vt 0.734375 0.687500
vt 0.742188 0.687500
vt 0.734375 0.664062
vt 0.742188 0.664062
vt 0.742188 0.671875
vt 0.734375 0.671875
vt 0.343750 0.257812
vt 0.351562 0.257812
vt 0.351562 0.265625
vt 0.343750 0.265625
vt 0.742188 0.648438
vt 0.742188 0.656250
vt 0.359375 0.257812
vt 0.367188 0.257812
vt 0.367188 0.265625
vt 0.359375 0.265625
vt 0.742188 0.640625
vt 0.734375 0.640625
vt 0.734375 0.632812
vt 0.742188 0.632812
vt 0.382812 0.257812
vt 0.375000 0.257812
vt 0.375000 0.265625
vt 0.382812 0.265625
vt 0.734375 0.617188
vt 0.742188 0.617188
vt 0.742188 0.625000
vt 0.734375 0.625000
vt 0.390625 0.257812
vt 0.398438 0.257812
vt 0.398438 0.265625
vt 0.390625 0.265625
vt 0.734375 0.601562
vt 0.742188 0.601562
vt 0.742188 0.609375
vt 0.734375 0.609375
vt 0.406250 0.257812
vt 0.414062 0.257812
vt 0.414062 0.265625
vt 0.406250 0.265625
vt 0.742188 0.593750
vt 0.734375 0.593750
vt 0.734375 0.585938
vt 0.742188 0.585938
vt 0.429688 0.257812
vt 0.421875 0.257812
vt 0.421875 0.265625
vt 0.429688 0.265625
vt 0.750000 0.335938
vt 0.773438 0.335938
vt 0.773438 0.343750
vt 0.750000 0.343750
vt 0.750000 0.289062
vt 0.757812 0.289062
vt 0.757812 0.296875
vt 0.750000 0.296875
vt 0.750000 0.320312
vt 0.773438 0.320312
vt 0.773438 0.328125
vt 0.750000 0.328125
vt 0.718750 0.242188
vt 0.726562 0.242188
vt 0.726562 0.250000
vt 0.718750 0.250000
vt 0.710938 0.250000
vt 0.687500 0.250000
vt 0.687500 0.242188
vt 0.710938 0.242188
vt 0.773438 0.304688
vt 0.750000 0.304688
vt 0.750000 0.312500
vt 0.773438 0.312500
vt 0.625000 0.242188
vt 0.648438 0.242188
vt 0.648438 0.250000
vt 0.625000 0.250000
vt 0.734375 0.507812
vt 0.742188 0.507812
vt 0.742188 0.515625
vt 0.734375 0.515625
vt 0.750000 0.367188
vt 0.773438 0.367188
vt 0.773438 0.375000
vt 0.750000 0.375000
vt 0.500000 0.257812
vt 0.507812 0.257812
vt 0.507812 0.265625
vt 0.500000 0.265625
vt 0.773438 0.359375
vt 0.750000 0.359375
vt 0.750000 0.351562
vt 0.773438 0.351562
vt 0.679688 0.242188
vt 0.656250 0.242188
vt 0.656250 0.250000
vt 0.679688 0.250000
vt 0.281250 0.335938
vt 0.304688 0.335938
vt 0.304688 0.343750
vt 0.281250 0.343750
vt 0.687500 0.304688
vt 0.695312 0.304688
vt 0.695312 0.312500
vt 0.687500 0.312500
vt 0.593750 0.242188
vt 0.617188 0.242188
vt 0.617188 0.250000
vt 0.593750 0.250000
vt 0.703125 0.992188
vt 0.710938 0.992188
vt 0.710938 1.000000
vt 0.703125 1.000000
vt 0.773438 0.406250
vt 0.750000 0.406250
vt 0.750000 0.398438
vt 0.773438 0.398438
vt 0.773438 0.382812
vt 0.750000 0.382812
vt 0.750000 0.390625
vt 0.773438 0.390625
vt 0.546875 0.898438
vt 0.570312 0.898438
vt 0.570312 0.906250
vt 0.546875 0.906250
vt 0.656250 0.710938
vt 0.664062 0.710938
vt 0.664062 0.718750
vt 0.656250 0.718750
vt 0.546875 0.882812
vt 0.570312 0.882812
vt 0.570312 0.890625
vt 0.546875 0.890625
vt 0.656250 0.695312
vt 0.664062 0.695312
vt 0.664062 0.703125
vt 0.656250 0.703125
vt 0.570312 0.812500
vt 0.546875 0.812500
vt 0.546875 0.804688
vt 0.570312 0.804688
vt 0.570312 0.789062
vt 0.546875 0.789062
vt 0.546875 0.796875
vt 0.570312 0.796875
vt 0.421875 0.859375
vt 0.445312 0.859375
vt 0.445312 0.875000
vt 0.421875 0.875000
vt 0.375000 0.625000
vt 0.421875 0.625000
vt 0.421875 0.640625
vt 0.375000 0.640625
vt 0.421875 0.843750
vt 0.445312 0.843750
vt 0.375000 0.609375
vt 0.421875 0.609375
vt 0.382812 0.812500
vt 0.359375 0.773438
vt 0.382812 0.773438
vt 0.382812 0.726562
vt 0.359375 0.726562
vt 0.359375 0.765625
vt 0.382812 0.765625
vt 0.343750 0.703125
vt 0.359375 0.703125
vt 0.343750 1.000000
vt 0.218750 0.703125
vt 0.257812 0.703125
vt 0.257812 1.000000
vt 0.218750 1.000000
vt 0.359375 0.406250
vt 0.265625 0.703125
vt 0.304688 0.703125
vt 0.304688 1.000000
vt 0.265625 1.000000
vt 0.406250 1.000000
vt 0.390625 1.000000
vt 0.390625 0.960938
vt 0.406250 0.960938
vt 0.406250 0.914062
vt 0.390625 0.914062
vt 0.390625 0.953125
vt 0.406250 0.953125
vt 0.421875 0.828125
vt 0.445312 0.828125
vt 0.500000 0.359375
vt 0.507812 0.359375
vt 0.507812 0.375000
vt 0.500000 0.375000
vt 0.421875 0.812500
vt 0.445312 0.812500
vt 0.515625 0.359375
vt 0.523438 0.359375
vt 0.523438 0.375000
vt 0.515625 0.375000
vt 0.554688 1.000000
vt 0.531250 1.000000
vt 0.531250 0.992188
vt 0.554688 0.992188
vt 0.554688 0.976562
vt 0.531250 0.976562
vt 0.531250 0.984375
vt 0.554688 0.984375
vt 0.421875 0.796875
vt 0.445312 0.796875
vt 0.531250 0.359375
vt 0.539062 0.359375
vt 0.539062 0.375000
vt 0.531250 0.375000
vt 0.421875 0.781250
vt 0.445312 0.781250
vt 0.546875 0.359375
vt 0.554688 0.359375
vt 0.554688 0.375000
vt 0.546875 0.375000
vt 0.554688 0.968750
vt 0.531250 0.968750
vt 0.531250 0.960938
vt 0.554688 0.960938
vt 0.554688 0.945312
vt 0.531250 0.945312
vt 0.531250 0.953125
vt 0.554688 0.953125
vt 0.531250 0.867188
vt 0.554688 0.867188
vt 0.554688 0.875000
vt 0.531250 0.875000
vt 0.640625 0.304688
vt 0.656250 0.304688
vt 0.656250 0.312500
vt 0.640625 0.312500
vt 0.531250 0.851562
vt 0.554688 0.851562
vt 0.554688 0.859375
vt 0.531250 0.859375
vt 0.687500 0.351562
vt 0.687500 0.359375
vt 0.554688 0.843750
vt 0.531250 0.843750
vt 0.531250 0.835938
vt 0.554688 0.835938
vt 0.554688 0.820312
vt 0.531250 0.820312
vt 0.531250 0.828125
vt 0.554688 0.828125
vt 0.406250 0.742188
vt 0.429688 0.742188
vt 0.429688 0.765625
vt 0.406250 0.765625
vt 0.531250 0.789062
vt 0.539062 0.789062
vt 0.539062 0.812500
vt 0.531250 0.812500
vt 0.406250 0.664062
vt 0.429688 0.664062
vt 0.429688 0.687500
vt 0.406250 0.687500
vt 0.218750 0.445312
vt 0.226562 0.445312
vt 0.226562 0.468750
vt 0.218750 0.468750
vt 0.554688 0.781250
vt 0.531250 0.781250
vt 0.531250 0.773438
vt 0.554688 0.773438
vt 0.257812 0.460938
vt 0.234375 0.460938
vt 0.234375 0.468750
vt 0.257812 0.468750
vt 0.406250 0.585938
vt 0.429688 0.585938
vt 0.429688 0.609375
vt 0.406250 0.609375
vt 0.531250 0.742188
vt 0.539062 0.742188
vt 0.539062 0.765625
vt 0.531250 0.765625
vt 0.421875 0.976562
vt 0.445312 0.976562
vt 0.445312 1.000000
vt 0.421875 1.000000
vt 0.265625 0.445312
vt 0.273438 0.445312
vt 0.273438 0.468750
vt 0.265625 0.468750
vt 0.304688 0.468750
vt 0.281250 0.468750
vt 0.281250 0.460938
vt 0.304688 0.460938
vt 0.554688 0.695312
vt 0.531250 0.695312
vt 0.531250 0.703125
vt 0.554688 0.703125
vt 0.359375 0.460938
vt 0.382812 0.460938
vt 0.382812 0.468750
vt 0.359375 0.468750
vt 0.664062 0.304688
vt 0.664062 0.312500
vt 0.390625 0.460938
vt 0.414062 0.460938
vt 0.414062 0.468750
vt 0.390625 0.468750
vt 0.687500 0.335938
vt 0.695312 0.335938
vt 0.695312 0.343750
vt 0.687500 0.343750
vt 0.445312 0.468750
vt 0.421875 0.468750
vt 0.421875 0.460938
vt 0.445312 0.460938
vt 0.476562 0.460938
vt 0.453125 0.460938
vt 0.453125 0.468750
vt 0.476562 0.468750
vt 0.484375 0.460938
vt 0.507812 0.460938
vt 0.507812 0.468750
vt 0.484375 0.468750
vt 0.671875 0.304688
vt 0.679688 0.304688
vt 0.679688 0.312500
vt 0.671875 0.312500
vt 0.515625 0.460938
vt 0.539062 0.460938
vt 0.539062 0.468750
vt 0.515625 0.468750
vt 0.687500 0.320312
vt 0.695312 0.320312
vt 0.695312 0.328125
vt 0.687500 0.328125
vt 0.570312 0.937500
vt 0.546875 0.937500
vt 0.546875 0.929688
vt 0.570312 0.929688
vt 0.570312 0.914062
vt 0.546875 0.914062
vt 0.546875 0.921875
vt 0.570312 0.921875
vt 0.234375 0.445312
vt 0.257812 0.445312
vt 0.257812 0.453125
vt 0.234375 0.453125
vt 0.703125 0.976562
vt 0.710938 0.976562
vt 0.710938 0.984375
vt 0.703125 0.984375
vt 0.546875 0.757812
vt 0.570312 0.757812
vt 0.570312 0.765625
vt 0.546875 0.765625
vt 0.703125 0.960938
vt 0.710938 0.960938
vt 0.710938 0.968750
vt 0.703125 0.968750
vt 0.570312 0.750000
vt 0.546875 0.750000
vt 0.546875 0.742188
vt 0.570312 0.742188
vt 0.570312 0.726562
vt 0.546875 0.726562
vt 0.546875 0.734375
vt 0.570312 0.734375
vt 0.281250 0.445312
vt 0.304688 0.445312
vt 0.304688 0.453125
vt 0.281250 0.453125
vt 0.703125 0.945312
vt 0.710938 0.945312
vt 0.710938 0.953125
vt 0.703125 0.953125
vt 0.546875 0.710938
vt 0.570312 0.710938
vt 0.570312 0.718750
vt 0.546875 0.718750
vt 0.703125 0.929688
vt 0.710938 0.929688
vt 0.710938 0.937500
vt 0.703125 0.937500
vt 0.570312 0.687500
vt 0.546875 0.687500
vt 0.546875 0.679688
vt 0.570312 0.679688
vt 0.570312 0.664062
vt 0.546875 0.664062
vt 0.546875 0.671875
vt 0.570312 0.671875
vt 0.546875 0.648438
vt 0.570312 0.648438
vt 0.570312 0.656250
vt 0.546875 0.656250
vt 0.703125 0.914062
vt 0.710938 0.914062
vt 0.710938 0.921875
vt 0.703125 0.921875
vt 0.359375 0.445312
vt 0.382812 0.445312
vt 0.382812 0.453125
vt 0.359375 0.453125
vt 0.703125 0.898438
vt 0.710938 0.898438
vt 0.710938 0.906250
vt 0.703125 0.906250
vt 0.570312 0.640625
vt 0.546875 0.640625
vt 0.546875 0.632812
vt 0.570312 0.632812
vt 0.570312 0.617188
vt 0.546875 0.617188
vt 0.546875 0.625000
vt 0.570312 0.625000
vt 0.390625 0.445312
vt 0.414062 0.445312
vt 0.414062 0.453125
vt 0.390625 0.453125
vt 0.703125 0.882812
vt 0.710938 0.882812
vt 0.710938 0.890625
vt 0.703125 0.890625
vt 0.546875 0.601562
vt 0.570312 0.601562
vt 0.570312 0.609375
vt 0.546875 0.609375
vt 0.703125 0.867188
vt 0.710938 0.867188
vt 0.710938 0.875000
vt 0.703125 0.875000
vt 0.570312 0.593750
vt 0.546875 0.593750
vt 0.546875 0.585938
vt 0.570312 0.585938
vt 0.445312 0.445312
vt 0.421875 0.445312
vt 0.421875 0.453125
vt 0.445312 0.453125
vt 0.546875 0.570312
vt 0.570312 0.570312
vt 0.570312 0.578125
vt 0.546875 0.578125
vt 0.703125 0.851562
vt 0.710938 0.851562
vt 0.710938 0.859375
vt 0.703125 0.859375
vt 0.546875 0.554688
vt 0.570312 0.554688
vt 0.570312 0.562500
vt 0.546875 0.562500
vt 0.703125 0.835938
vt 0.710938 0.835938
vt 0.710938 0.843750
vt 0.703125 0.843750
vt 0.476562 0.453125
vt 0.453125 0.453125
vt 0.453125 0.445312
vt 0.476562 0.445312
vt 0.570312 0.539062
vt 0.546875 0.539062
vt 0.546875 0.546875
vt 0.570312 0.546875
vt 0.546875 0.523438
vt 0.570312 0.523438
vt 0.570312 0.531250
vt 0.546875 0.531250
vt 0.703125 0.820312
vt 0.710938 0.820312
vt 0.710938 0.828125
vt 0.703125 0.828125
vt 0.484375 0.445312
vt 0.507812 0.445312
vt 0.507812 0.453125
vt 0.484375 0.453125
vt 0.703125 0.804688
vt 0.710938 0.804688
vt 0.710938 0.812500
vt 0.703125 0.812500
vt 0.570312 0.515625
vt 0.546875 0.515625
vt 0.546875 0.507812
vt 0.570312 0.507812
vt 0.570312 0.492188
vt 0.546875 0.492188
vt 0.546875 0.500000
vt 0.570312 0.500000
vt 0.515625 0.445312
vt 0.539062 0.445312
vt 0.539062 0.453125
vt 0.515625 0.453125
vt 0.703125 0.789062
vt 0.710938 0.789062
vt 0.710938 0.796875
vt 0.703125 0.796875
vt 0.546875 0.476562
vt 0.570312 0.476562
vt 0.570312 0.484375
vt 0.546875 0.484375
vt 0.218750 0.289062
vt 0.226562 0.289062
vt 0.226562 0.296875
vt 0.218750 0.296875
vt 0.570312 0.468750
vt 0.546875 0.468750
vt 0.546875 0.460938
vt 0.570312 0.460938
vt 0.570312 0.445312
vt 0.546875 0.445312
vt 0.546875 0.453125
vt 0.570312 0.453125
vt 0.562500 0.992188
vt 0.585938 0.992188
vt 0.585938 1.000000
vt 0.562500 1.000000
vt 0.703125 0.773438
vt 0.710938 0.773438
vt 0.710938 0.781250
vt 0.703125 0.781250
vt 0.562500 0.976562
vt 0.585938 0.976562
vt 0.585938 0.984375
vt 0.562500 0.984375
vt 0.234375 0.289062
vt 0.242188 0.289062
vt 0.242188 0.296875
vt 0.234375 0.296875
vt 0.585938 0.968750
vt 0.562500 0.968750
vt 0.562500 0.960938
vt 0.585938 0.960938
vt 0.585938 0.945312
vt 0.562500 0.945312
vt 0.562500 0.953125
vt 0.585938 0.953125
vt 0.562500 0.867188
vt 0.585938 0.867188
vt 0.585938 0.875000
vt 0.562500 0.875000
vt 0.703125 0.757812
vt 0.710938 0.757812
vt 0.710938 0.765625
vt 0.703125 0.765625
vt 0.562500 0.851562
vt 0.585938 0.851562
vt 0.585938 0.859375
vt 0.562500 0.859375
vt 0.250000 0.289062
vt 0.257812 0.289062
vt 0.257812 0.296875
vt 0.250000 0.296875
vt 0.585938 0.843750
vt 0.562500 0.843750
vt 0.562500 0.835938
vt 0.585938 0.835938
vt 0.585938 0.820312
vt 0.562500 0.820312
vt 0.562500 0.828125
vt 0.585938 0.828125
vt 0.218750 0.429688
vt 0.242188 0.429688
vt 0.242188 0.437500
vt 0.218750 0.437500
vt 0.710938 0.742188
vt 0.710938 0.750000
vt 0.562500 0.773438
vt 0.585938 0.773438
vt 0.585938 0.781250
vt 0.562500 0.781250
vt 0.265625 0.289062
vt 0.273438 0.289062
vt 0.273438 0.296875
vt 0.265625 0.296875
vt 0.273438 0.437500
vt 0.250000 0.437500
vt 0.250000 0.429688
vt 0.273438 0.429688
vt 0.304688 0.429688
vt 0.281250 0.429688
vt 0.281250 0.437500
vt 0.304688 0.437500
vt 0.562500 0.695312
vt 0.585938 0.695312
vt 0.585938 0.703125
vt 0.562500 0.703125
vt 0.703125 0.726562
vt 0.710938 0.726562
vt 0.710938 0.734375
vt 0.703125 0.734375
vt 0.359375 0.429688
vt 0.382812 0.429688
vt 0.382812 0.437500
vt 0.359375 0.437500
vt 0.281250 0.289062
vt 0.289062 0.289062
vt 0.289062 0.296875
vt 0.281250 0.296875
vt 0.414062 0.437500
vt 0.390625 0.437500
vt 0.390625 0.429688
vt 0.414062 0.429688
vt 0.445312 0.429688
vt 0.421875 0.429688
vt 0.421875 0.437500
vt 0.445312 0.437500
vt 0.453125 0.429688
vt 0.476562 0.429688
vt 0.476562 0.437500
vt 0.453125 0.437500
vt 0.703125 0.710938
vt 0.710938 0.710938
vt 0.710938 0.718750
vt 0.703125 0.718750
vt 0.484375 0.429688
vt 0.507812 0.429688
vt 0.507812 0.437500
vt 0.484375 0.437500
vt 0.296875 0.289062
vt 0.304688 0.289062
vt 0.304688 0.296875
vt 0.296875 0.296875
vt 0.539062 0.437500
vt 0.515625 0.437500
vt 0.515625 0.429688
vt 0.539062 0.429688
vt 0.570312 0.429688
vt 0.546875 0.429688
vt 0.546875 0.437500
vt 0.570312 0.437500
vt 0.578125 0.929688
vt 0.601562 0.929688
vt 0.601562 0.937500
vt 0.578125 0.937500
vt 0.703125 0.695312
vt 0.710938 0.695312
vt 0.710938 0.703125
vt 0.703125 0.703125
vt 0.578125 0.914062
vt 0.601562 0.914062
vt 0.601562 0.921875
vt 0.578125 0.921875
vt 0.703125 0.679688
vt 0.710938 0.679688
vt 0.710938 0.687500
vt 0.703125 0.687500
vt 0.601562 0.906250
vt 0.578125 0.906250
vt 0.578125 0.898438
vt 0.601562 0.898438
vt 0.601562 0.882812
vt 0.578125 0.882812
vt 0.578125 0.890625
vt 0.601562 0.890625
vt 0.578125 0.804688
vt 0.601562 0.804688
vt 0.601562 0.812500
vt 0.578125 0.812500
vt 0.703125 0.664062
vt 0.710938 0.664062
vt 0.710938 0.671875
vt 0.703125 0.671875
vt 0.578125 0.789062
vt 0.601562 0.789062
vt 0.601562 0.796875
vt 0.578125 0.796875
vt 0.343750 0.289062
vt 0.351562 0.289062
vt 0.351562 0.296875
vt 0.343750 0.296875
vt 0.242188 0.421875
vt 0.218750 0.421875
vt 0.218750 0.414062
vt 0.242188 0.414062
vt 0.601562 0.757812
vt 0.578125 0.757812
vt 0.578125 0.765625
vt 0.601562 0.765625
vt 0.765625 0.976562
vt 0.789062 0.976562
vt 0.789062 0.984375
vt 0.765625 0.984375
vt 0.765625 0.898438
vt 0.773438 0.898438
vt 0.773438 0.906250
vt 0.765625 0.906250
vt 0.765625 0.960938
vt 0.789062 0.960938
vt 0.789062 0.968750
vt 0.765625 0.968750
vt 0.109375 0.226562
vt 0.117188 0.226562
vt 0.117188 0.234375
vt 0.109375 0.234375
vt 0.789062 0.953125
vt 0.765625 0.953125
vt 0.765625 0.945312
vt 0.789062 0.945312
vt 0.789062 0.929688
vt 0.765625 0.929688
vt 0.765625 0.937500
vt 0.789062 0.937500
vt 0.750000 0.273438
vt 0.773438 0.273438
vt 0.773438 0.281250
vt 0.750000 0.281250
vt 0.765625 0.914062
vt 0.773438 0.914062
vt 0.773438 0.921875
vt 0.765625 0.921875
vt 0.734375 0.242188
vt 0.757812 0.242188
vt 0.757812 0.250000
vt 0.734375 0.250000
vt 0.093750 0.226562
vt 0.101562 0.226562
vt 0.101562 0.234375
vt 0.093750 0.234375
vt 0.773438 0.265625
vt 0.750000 0.265625
vt 0.750000 0.257812
vt 0.773438 0.257812
vt 0.789062 0.992188
vt 0.765625 0.992188
vt 0.765625 1.000000
vt 0.789062 1.000000
vt 0.187500 0.195312
vt 0.203125 0.195312
vt 0.203125 1.000000
vt 0.187500 1.000000
vt 0.000000 0.195312
vt 0.039062 0.195312
vt 0.039062 1.000000
vt 0.000000 1.000000
vt 0.218750 0.195312
vt 0.046875 0.195312
vt 0.085938 0.195312
vt 0.085938 1.000000
vt 0.046875 1.000000
vt 0.406250 0.812500
vt 0.390625 0.812500
vt 0.390625 0.773438
vt 0.406250 0.773438
vt 0.390625 0.726562
vt 0.390625 0.765625
vt 0.468750 0.367188
vt 0.484375 0.367188
vt 0.484375 0.375000
vt 0.468750 0.375000
vt 0.453125 0.851562
vt 0.492188 0.851562
vt 0.492188 0.859375
vt 0.453125 0.859375
vt 0.500000 0.367188
vt 0.453125 0.835938
vt 0.492188 0.835938
vt 0.492188 0.843750
vt 0.453125 0.843750
vt 0.390625 0.687500
vt 0.390625 0.648438
vt 0.390625 0.570312
vt 0.375000 0.570312
vt 0.390625 0.609375
vt 0.468750 0.906250
vt 0.476562 0.906250
vt 0.476562 0.937500
vt 0.468750 0.937500
vt 0.476562 0.875000
vt 0.468750 0.703125
vt 0.476562 0.703125
vt 0.476562 0.734375
vt 0.476562 0.656250
vt 0.476562 0.687500
vt 0.468750 0.687500
vt 0.773438 0.796875
vt 0.765625 0.796875
vt 0.765625 0.789062
vt 0.773438 0.789062
vt 0.226562 0.226562
vt 0.218750 0.226562
vt 0.218750 0.234375
vt 0.226562 0.234375
vt 0.765625 0.867188
vt 0.773438 0.867188
vt 0.773438 0.875000
vt 0.765625 0.875000
vt 0.140625 0.226562
vt 0.148438 0.226562
vt 0.148438 0.234375
vt 0.140625 0.234375
vt 0.765625 0.851562
vt 0.773438 0.851562
vt 0.773438 0.859375
vt 0.765625 0.859375
vt 0.156250 0.226562
vt 0.164062 0.226562
vt 0.164062 0.234375
vt 0.156250 0.234375
vt 0.773438 0.843750
vt 0.765625 0.843750
vt 0.765625 0.835938
vt 0.773438 0.835938
vt 0.179688 0.226562
vt 0.171875 0.226562
vt 0.171875 0.234375
vt 0.179688 0.234375
vt 0.515625 0.242188
vt 0.523438 0.242188
vt 0.523438 0.250000
vt 0.515625 0.250000
vt 0.750000 0.476562
vt 0.757812 0.476562
vt 0.757812 0.484375
vt 0.750000 0.484375
vt 0.562500 0.242188
vt 0.570312 0.242188
vt 0.570312 0.250000
vt 0.562500 0.250000
vt 0.750000 0.429688
vt 0.757812 0.429688
vt 0.757812 0.437500
vt 0.750000 0.437500
vt 0.773438 0.890625
vt 0.765625 0.890625
vt 0.765625 0.882812
vt 0.773438 0.882812
vt 0.132812 0.226562
vt 0.125000 0.226562
vt 0.125000 0.234375
vt 0.132812 0.234375
vt 0.468750 0.242188
vt 0.476562 0.242188
vt 0.476562 0.250000
vt 0.468750 0.250000
vt 0.750000 0.523438
vt 0.757812 0.523438
vt 0.757812 0.531250
vt 0.750000 0.531250
vt 0.484375 0.242188
vt 0.492188 0.242188
vt 0.492188 0.250000
vt 0.484375 0.250000
vt 0.750000 0.507812
vt 0.757812 0.507812
vt 0.757812 0.515625
vt 0.750000 0.515625
vt 0.507812 0.250000
vt 0.500000 0.250000
vt 0.500000 0.242188
vt 0.507812 0.242188
vt 0.757812 0.492188
vt 0.750000 0.492188
vt 0.750000 0.500000
vt 0.757812 0.500000
vt 0.421875 0.242188
vt 0.429688 0.242188
vt 0.429688 0.250000
vt 0.421875 0.250000
vt 0.750000 0.570312
vt 0.757812 0.570312
vt 0.757812 0.578125
vt 0.750000 0.578125
vt 0.437500 0.242188
vt 0.445312 0.242188
vt 0.445312 0.250000
vt 0.437500 0.250000
vt 0.750000 0.554688
vt 0.757812 0.554688
vt 0.757812 0.562500
vt 0.750000 0.562500
vt 0.460938 0.250000
vt 0.453125 0.250000
vt 0.453125 0.242188
vt 0.460938 0.242188
vt 0.757812 0.539062
vt 0.750000 0.539062
vt 0.750000 0.546875
vt 0.757812 0.546875
vt 0.375000 0.351562
vt 0.382812 0.351562
vt 0.382812 0.375000
vt 0.375000 0.375000
vt 0.390625 0.351562
vt 0.398438 0.351562
vt 0.398438 0.375000
vt 0.390625 0.375000
vt 0.406250 0.351562
vt 0.414062 0.351562
vt 0.414062 0.375000
vt 0.406250 0.375000
vt 0.421875 0.351562
vt 0.429688 0.351562
vt 0.429688 0.375000
vt 0.421875 0.375000
vt 0.414062 0.250000
vt 0.406250 0.250000
vt 0.406250 0.242188
vt 0.414062 0.242188
vt 0.757812 0.585938
vt 0.750000 0.585938
vt 0.750000 0.593750
vt 0.757812 0.593750
vt 0.421875 0.906250
vt 0.437500 0.906250
vt 0.437500 0.937500
vt 0.421875 0.937500
vt 0.468750 0.968750
vt 0.476562 0.968750
vt 0.476562 1.000000
vt 0.468750 1.000000
vt 0.437500 0.875000
vt 0.359375 0.250000
vt 0.343750 0.250000
vt 0.343750 0.242188
vt 0.359375 0.242188
vt 0.765625 0.648438
vt 0.750000 0.648438
vt 0.750000 0.656250
vt 0.765625 0.656250
vt 0.750000 0.679688
vt 0.765625 0.679688
vt 0.765625 0.687500
vt 0.750000 0.687500
vt 0.453125 0.742188
vt 0.492188 0.742188
vt 0.492188 0.750000
vt 0.453125 0.750000
vt 0.750000 0.664062
vt 0.765625 0.664062
vt 0.765625 0.671875
vt 0.750000 0.671875
vt 0.453125 0.695312
vt 0.492188 0.695312
vt 0.492188 0.703125
vt 0.453125 0.703125
vt 0.406250 0.859375
vt 0.406250 0.820312
vt 0.421875 0.820312
vt 0.421875 0.773438
vt 0.671875 0.773438
vt 0.671875 0.781250
vt 0.453125 0.820312
vt 0.492188 0.820312
vt 0.492188 0.828125
vt 0.453125 0.828125
vt 0.234375 0.320312
vt 0.250000 0.320312
vt 0.250000 0.328125
vt 0.234375 0.328125
vt 0.453125 0.804688
vt 0.492188 0.804688
vt 0.492188 0.812500
vt 0.453125 0.812500
vt 0.406250 0.570312
vt 0.421875 0.960938
vt 0.390625 0.875000
vt 0.406250 0.875000
vt 0.406250 0.906250
vt 0.390625 0.906250
vt 0.437500 0.515625
vt 0.445312 0.546875
vt 0.437500 0.546875
vt 0.437500 0.968750
vt 0.421875 0.968750
vt 0.460938 0.562500
vt 0.453125 0.562500
vt 0.671875 0.796875
vt 0.671875 0.789062
vt 0.218750 0.320312
vt 0.218750 0.328125
vt 0.281250 0.351562
vt 0.289062 0.351562
vt 0.289062 0.375000
vt 0.281250 0.375000
vt 0.296875 0.351562
vt 0.304688 0.351562
vt 0.304688 0.375000
vt 0.296875 0.375000
vt 0.343750 0.351562
vt 0.351562 0.351562
vt 0.351562 0.375000
vt 0.343750 0.375000
vt 0.359375 0.351562
vt 0.367188 0.351562
vt 0.367188 0.375000
vt 0.359375 0.375000
vt 0.742188 0.281250
vt 0.734375 0.281250
vt 0.734375 0.273438
vt 0.742188 0.273438
vt 0.742188 0.257812
vt 0.734375 0.257812
vt 0.734375 0.265625
vt 0.742188 0.265625
vt 0.648438 0.375000
vt 0.648438 0.390625
vt 0.625000 0.343750
vt 0.632812 0.343750
vt 0.632812 0.359375
vt 0.625000 0.359375
vt 0.656250 0.984375
vt 0.664062 0.984375
vt 0.664062 1.000000
vt 0.656250 0.968750
vt 0.664062 0.968750
vt 0.398438 0.250000
vt 0.390625 0.250000
vt 0.390625 0.242188
vt 0.398438 0.242188
vt 0.757812 0.601562
vt 0.750000 0.601562
vt 0.750000 0.609375
vt 0.757812 0.609375
vt 0.000000 0.781250
vt 0.265625 0.484375
vt 0.312500 0.484375
vt 0.312500 0.703125
vt 0.000000 0.953125
vt 0.671875 0.750000
vt 0.679688 0.750000
vt 0.679688 0.765625
vt 0.671875 0.765625
vt 0.257812 0.328125
vt 0.671875 0.734375
vt 0.679688 0.734375
vt 0.273438 0.328125
vt 0.265625 0.328125
vt 0.304688 0.250000
vt 0.296875 0.250000
vt 0.296875 0.242188
vt 0.304688 0.242188
vt 0.757812 0.695312
vt 0.750000 0.695312
vt 0.750000 0.703125
vt 0.757812 0.703125
vt 0.750000 0.992188
vt 0.757812 0.992188
vt 0.757812 1.000000
vt 0.750000 1.000000
vt 0.750000 0.976562
vt 0.757812 0.976562
vt 0.757812 0.984375
vt 0.750000 0.984375
vt 0.750000 0.960938
vt 0.757812 0.960938
vt 0.757812 0.968750
vt 0.750000 0.968750
vt 0.750000 0.945312
vt 0.757812 0.945312
vt 0.757812 0.953125
vt 0.750000 0.953125
vt 0.757812 0.937500
vt 0.750000 0.937500
vt 0.750000 0.929688
vt 0.757812 0.929688
vt 0.757812 0.914062
vt 0.750000 0.914062
vt 0.750000 0.921875
vt 0.757812 0.921875
vt 0.757812 0.898438
vt 0.757812 0.906250
vt 0.750000 0.882812
vt 0.757812 0.882812
vt 0.757812 0.890625
vt 0.750000 0.890625
vt 0.750000 0.867188
vt 0.757812 0.867188
vt 0.757812 0.875000
vt 0.750000 0.875000
vt 0.750000 0.851562
vt 0.757812 0.851562
vt 0.757812 0.859375
vt 0.750000 0.859375
vt 0.757812 0.843750
vt 0.750000 0.843750
vt 0.750000 0.835938
vt 0.757812 0.835938
vt 0.757812 0.820312
vt 0.750000 0.820312
vt 0.750000 0.828125
vt 0.757812 0.828125
vt 0.757812 0.804688
vt 0.757812 0.812500
vt 0.750000 0.789062
vt 0.757812 0.789062
vt 0.757812 0.796875
vt 0.750000 0.796875
vt 0.218750 0.242188
vt 0.226562 0.242188
vt 0.226562 0.250000
vt 0.218750 0.250000
vt 0.750000 0.773438
vt 0.757812 0.773438
vt 0.757812 0.781250
vt 0.750000 0.781250
vt 0.242188 0.250000
vt 0.234375 0.250000
vt 0.234375 0.242188
vt 0.242188 0.242188
vt 0.757812 0.757812
vt 0.750000 0.757812
vt 0.750000 0.765625
vt 0.757812 0.765625
vt 0.250000 0.242188
vt 0.257812 0.242188
vt 0.257812 0.250000
vt 0.250000 0.250000
vt 0.750000 0.742188
vt 0.757812 0.742188
vt 0.757812 0.750000
vt 0.750000 0.750000
vt 0.265625 0.242188
vt 0.273438 0.242188
vt 0.273438 0.250000
vt 0.265625 0.250000
vt 0.750000 0.726562
vt 0.757812 0.726562
vt 0.757812 0.734375
vt 0.750000 0.734375
vt 0.289062 0.250000
vt 0.281250 0.250000
vt 0.281250 0.242188
vt 0.289062 0.242188
vt 0.757812 0.710938
vt 0.750000 0.710938
vt 0.750000 0.718750
vt 0.757812 0.718750
vt 0.468750 0.625000
vt 0.476562 0.625000
vt 0.468750 0.593750
vt 0.476562 0.593750
vt 0.468750 0.562500
vt 0.476562 0.562500
vt 0.585938 0.250000
vt 0.578125 0.250000
vt 0.578125 0.242188
vt 0.585938 0.242188
vt 0.757812 0.414062
vt 0.750000 0.414062
vt 0.750000 0.421875
vt 0.757812 0.421875
vt 0.656250 0.367188
vt 0.656250 0.375000
vt 0.453125 0.789062
vt 0.492188 0.789062
vt 0.492188 0.796875
vt 0.453125 0.796875
vt 0.640625 0.351562
vt 0.656250 0.351562
vt 0.656250 0.359375
vt 0.640625 0.359375
vt 0.453125 0.757812
vt 0.492188 0.757812
vt 0.492188 0.765625
vt 0.453125 0.765625
vt 0.421875 0.953125
vt 0.421875 0.914062
vt 0.421875 0.867188
vt 0.406250 0.867188
vt 0.640625 0.976562
vt 0.656250 0.976562
vt 0.640625 0.984375
vt 0.390625 0.273438
vt 0.398438 0.273438
vt 0.398438 0.281250
vt 0.390625 0.281250
vt 0.640625 0.960938
vt 0.656250 0.960938
vt 0.640625 0.968750
vt 0.718750 0.601562
vt 0.726562 0.601562
vt 0.726562 0.609375
vt 0.718750 0.609375
vt 0.656250 0.953125
vt 0.640625 0.953125
vt 0.640625 0.945312
vt 0.656250 0.945312
vt 0.656250 0.929688
vt 0.640625 0.929688
vt 0.640625 0.937500
vt 0.656250 0.937500
vt 0.640625 0.914062
vt 0.656250 0.914062
vt 0.656250 0.921875
vt 0.640625 0.921875
vt 0.406250 0.273438
vt 0.414062 0.273438
vt 0.414062 0.281250
vt 0.406250 0.281250
vt 0.640625 0.898438
vt 0.656250 0.898438
vt 0.656250 0.906250
vt 0.640625 0.906250
vt 0.718750 0.585938
vt 0.726562 0.585938
vt 0.726562 0.593750
vt 0.718750 0.593750
vt 0.656250 0.890625
vt 0.640625 0.890625
vt 0.640625 0.882812
vt 0.656250 0.882812
vt 0.656250 0.867188
vt 0.640625 0.867188
vt 0.640625 0.875000
vt 0.656250 0.875000
vt 0.765625 0.742188
vt 0.781250 0.742188
vt 0.781250 0.750000
vt 0.765625 0.750000
vt 0.765625 0.632812
vt 0.773438 0.632812
vt 0.773438 0.640625
vt 0.765625 0.640625
vt 0.265625 0.226562
vt 0.281250 0.226562
vt 0.281250 0.234375
vt 0.265625 0.234375
vt 0.375000 0.226562
vt 0.382812 0.226562
vt 0.382812 0.234375
vt 0.375000 0.234375
vt 0.781250 0.734375
vt 0.765625 0.734375
vt 0.765625 0.726562
vt 0.781250 0.726562
vt 0.296875 0.226562
vt 0.296875 0.234375
vt 0.765625 0.773438
vt 0.781250 0.773438
vt 0.781250 0.781250
vt 0.765625 0.781250
vt 0.773438 0.648438
vt 0.773438 0.656250
vt 0.234375 0.226562
vt 0.250000 0.226562
vt 0.250000 0.234375
vt 0.234375 0.234375
vt 0.359375 0.226562
vt 0.367188 0.226562
vt 0.367188 0.234375
vt 0.359375 0.234375
vt 0.781250 0.765625
vt 0.765625 0.765625
vt 0.765625 0.757812
vt 0.781250 0.757812
vt 0.640625 0.851562
vt 0.656250 0.851562
vt 0.656250 0.859375
vt 0.640625 0.859375
vt 0.421875 0.273438
vt 0.429688 0.273438
vt 0.429688 0.281250
vt 0.421875 0.281250
vt 0.640625 0.835938
vt 0.656250 0.835938
vt 0.656250 0.843750
vt 0.640625 0.843750
vt 0.718750 0.570312
vt 0.726562 0.570312
vt 0.726562 0.578125
vt 0.718750 0.578125
vt 0.656250 0.828125
vt 0.640625 0.828125
vt 0.640625 0.820312
vt 0.656250 0.820312
vt 0.656250 0.804688
vt 0.640625 0.804688
vt 0.640625 0.812500
vt 0.656250 0.812500
vt 0.640625 0.789062
vt 0.656250 0.789062
vt 0.656250 0.796875
vt 0.640625 0.796875
vt 0.437500 0.273438
vt 0.453125 0.273438
vt 0.453125 0.281250
vt 0.437500 0.281250
vt 0.640625 0.773438
vt 0.656250 0.773438
vt 0.656250 0.781250
vt 0.640625 0.781250
vt 0.718750 0.554688
vt 0.734375 0.554688
vt 0.734375 0.562500
vt 0.718750 0.562500
vt 0.656250 0.765625
vt 0.640625 0.765625
vt 0.640625 0.757812
vt 0.656250 0.757812
vt 0.656250 0.742188
vt 0.640625 0.742188
vt 0.640625 0.750000
vt 0.656250 0.750000
vt 0.640625 0.726562
vt 0.656250 0.726562
vt 0.656250 0.734375
vt 0.640625 0.734375
vt 0.460938 0.273438
vt 0.460938 0.281250
vt 0.640625 0.710938
vt 0.640625 0.718750
vt 0.718750 0.539062
vt 0.726562 0.539062
vt 0.726562 0.546875
vt 0.718750 0.546875
vt 0.640625 0.703125
vt 0.640625 0.695312
vt 0.656250 0.679688
vt 0.640625 0.679688
vt 0.640625 0.687500
vt 0.656250 0.687500
vt 0.640625 0.664062
vt 0.656250 0.664062
vt 0.656250 0.671875
vt 0.640625 0.671875
vt 0.468750 0.273438
vt 0.476562 0.273438
vt 0.476562 0.281250
vt 0.468750 0.281250
vt 0.640625 0.648438
vt 0.656250 0.648438
vt 0.656250 0.656250
vt 0.640625 0.656250
vt 0.718750 0.523438
vt 0.726562 0.523438
vt 0.726562 0.531250
vt 0.718750 0.531250
vt 0.656250 0.640625
vt 0.640625 0.640625
vt 0.640625 0.632812
vt 0.656250 0.632812
vt 0.656250 0.617188
vt 0.640625 0.617188
vt 0.640625 0.625000
vt 0.656250 0.625000
vt 0.640625 0.601562
vt 0.656250 0.601562
vt 0.656250 0.609375
vt 0.640625 0.609375
vt 0.484375 0.273438
vt 0.492188 0.273438
vt 0.492188 0.281250
vt 0.484375 0.281250
vt 0.640625 0.585938
vt 0.656250 0.585938
vt 0.656250 0.593750
vt 0.640625 0.593750
vt 0.718750 0.507812
vt 0.726562 0.507812
vt 0.726562 0.515625
vt 0.718750 0.515625
vt 0.656250 0.578125
vt 0.640625 0.578125
vt 0.640625 0.570312
vt 0.656250 0.570312
vt 0.453125 0.351562
vt 0.437500 0.351562
vt 0.781250 0.679688
vt 0.781250 0.687500
vt 0.765625 0.601562
vt 0.773438 0.601562
vt 0.773438 0.609375
vt 0.765625 0.609375
vt 0.328125 0.226562
vt 0.343750 0.226562
vt 0.343750 0.234375
vt 0.328125 0.234375
vt 0.406250 0.226562
vt 0.414062 0.226562
vt 0.414062 0.234375
vt 0.406250 0.234375
vt 0.781250 0.671875
vt 0.781250 0.664062
vt 0.765625 0.710938
vt 0.781250 0.710938
vt 0.781250 0.718750
vt 0.765625 0.718750
vt 0.765625 0.617188
vt 0.773438 0.617188
vt 0.773438 0.625000
vt 0.765625 0.625000
vt 0.312500 0.226562
vt 0.312500 0.234375
vt 0.390625 0.226562
vt 0.398438 0.226562
vt 0.398438 0.234375
vt 0.390625 0.234375
vt 0.781250 0.703125
vt 0.765625 0.703125
vt 0.765625 0.695312
vt 0.781250 0.695312
vt 0.640625 0.554688
vt 0.656250 0.554688
vt 0.656250 0.562500
vt 0.640625 0.562500
vt 0.500000 0.273438
vt 0.507812 0.273438
vt 0.507812 0.281250
vt 0.500000 0.281250
vt 0.468750 0.351562
vt 0.468750 0.359375
vt 0.718750 0.492188
vt 0.726562 0.492188
vt 0.726562 0.500000
vt 0.718750 0.500000
vt 0.656250 0.546875
vt 0.640625 0.546875
vt 0.640625 0.539062
vt 0.656250 0.539062
vt 0.484375 0.351562
vt 0.484375 0.359375
vt 0.640625 0.523438
vt 0.656250 0.523438
vt 0.656250 0.531250
vt 0.640625 0.531250
vt 0.515625 0.273438
vt 0.523438 0.273438
vt 0.523438 0.281250
vt 0.515625 0.281250
vt 0.500000 0.351562
vt 0.718750 0.476562
vt 0.726562 0.476562
vt 0.726562 0.484375
vt 0.718750 0.484375
vt 0.656250 0.515625
vt 0.640625 0.515625
vt 0.640625 0.507812
vt 0.656250 0.507812
vt 0.515625 0.351562
vt 0.640625 0.460938
vt 0.656250 0.460938
vt 0.656250 0.468750
vt 0.640625 0.468750
vt 0.546875 0.273438
vt 0.554688 0.273438
vt 0.554688 0.281250
vt 0.546875 0.281250
vt 0.546875 0.351562
vt 0.562500 0.351562
vt 0.562500 0.359375
vt 0.718750 0.445312
vt 0.726562 0.445312
vt 0.726562 0.453125
vt 0.718750 0.453125
vt 0.656250 0.453125
vt 0.640625 0.453125
vt 0.640625 0.445312
vt 0.656250 0.445312
vt 0.578125 0.351562
vt 0.578125 0.359375
vt 0.640625 0.414062
vt 0.656250 0.414062
vt 0.656250 0.421875
vt 0.640625 0.421875
vt 0.734375 0.570312
vt 0.742188 0.570312
vt 0.742188 0.578125
vt 0.734375 0.578125
vt 0.593750 0.351562
vt 0.609375 0.351562
vt 0.609375 0.359375
vt 0.593750 0.359375
vt 0.437500 0.257812
vt 0.445312 0.257812
vt 0.445312 0.265625
vt 0.437500 0.265625
vt 0.656250 0.406250
vt 0.656250 0.398438
vt 0.625000 0.351562
vt 0.640625 0.492188
vt 0.656250 0.492188
vt 0.656250 0.500000
vt 0.640625 0.500000
vt 0.531250 0.273438
vt 0.531250 0.281250
vt 0.531250 0.351562
vt 0.718750 0.460938
vt 0.734375 0.460938
vt 0.734375 0.468750
vt 0.718750 0.468750
vt 0.656250 0.484375
vt 0.640625 0.484375
vt 0.640625 0.476562
vt 0.656250 0.476562
vt 0.640625 0.429688
vt 0.656250 0.429688
vt 0.656250 0.437500
vt 0.640625 0.437500
vt 0.421875 0.710938
vt 0.468750 0.710938
vt 0.468750 0.718750
vt 0.421875 0.718750
vt 0.375000 0.718750
vt 0.359375 0.718750
vt 0.359375 0.671875
vt 0.375000 0.671875
vt 0.359375 0.625000
vt 0.671875 0.726562
vt 0.750000 0.460938
vt 0.789062 0.460938
vt 0.789062 0.468750
vt 0.750000 0.468750
vt 0.281250 0.320312
vt 0.296875 0.320312
vt 0.296875 0.328125
vt 0.281250 0.328125
vt 0.421875 0.226562
vt 0.460938 0.226562
vt 0.460938 0.234375
vt 0.421875 0.234375
vt 0.546875 0.250000
vt 0.531250 0.250000
vt 0.531250 0.210938
vt 0.546875 0.210938
vt 0.781250 0.554688
vt 0.765625 0.554688
vt 0.765625 0.593750
vt 0.781250 0.593750
vt 0.421875 0.687500
vt 0.437500 0.687500
vt 0.421875 0.703125
vt 0.375000 0.703125
vt 0.468750 0.578125
vt 0.375000 0.687500
vt 0.390625 0.640625
vt 0.375000 0.578125
vt 0.359375 0.578125
vt 0.359375 0.554688
vt 0.375000 0.554688
vt 0.625000 0.976562
vt 0.632812 0.976562
vt 0.632812 1.000000
vt 0.625000 1.000000
vt 0.421875 0.617188
vt 0.437500 0.617188
vt 0.625000 0.945312
vt 0.632812 0.945312
vt 0.632812 0.968750
vt 0.625000 0.968750
vt 0.671875 0.968750
vt 0.671875 0.960938
vt 0.671875 0.945312
vt 0.671875 0.953125
vt 0.406250 0.554688
vt 0.421875 0.554688
vt 0.421875 0.578125
vt 0.406250 0.578125
vt 0.625000 0.851562
vt 0.632812 0.851562
vt 0.632812 0.875000
vt 0.625000 0.875000
vt 0.437500 0.578125
vt 0.625000 0.820312
vt 0.632812 0.820312
vt 0.632812 0.843750
vt 0.625000 0.843750
vt 0.671875 0.937500
vt 0.671875 0.929688
vt 0.671875 0.914062
vt 0.671875 0.921875
vt 0.671875 0.898438
vt 0.671875 0.906250
vt 0.671875 0.882812
vt 0.671875 0.890625
vt 0.453125 0.257812
vt 0.468750 0.257812
vt 0.468750 0.265625
vt 0.453125 0.265625
vt 0.671875 0.875000
vt 0.671875 0.867188
vt 0.671875 0.695312
vt 0.671875 0.703125
vt 0.539062 0.242188
vt 0.554688 0.242188
vt 0.554688 0.257812
vt 0.539062 0.257812
vt 0.671875 0.679688
vt 0.671875 0.687500
vt 0.750000 0.445312
vt 0.765625 0.445312
vt 0.765625 0.460938
vt 0.671875 0.671875
vt 0.671875 0.664062
vt 0.343750 0.320312
vt 0.343750 0.328125
vt 0.437500 0.945312
vt 0.453125 0.945312
vt 0.453125 0.968750
vt 0.218750 0.351562
vt 0.226562 0.351562
vt 0.226562 0.375000
vt 0.218750 0.375000
vt 0.437500 0.914062
vt 0.453125 0.937500
vt 0.234375 0.351562
vt 0.242188 0.351562
vt 0.242188 0.375000
vt 0.234375 0.375000
vt 0.437500 0.882812
vt 0.453125 0.882812
vt 0.250000 0.351562
vt 0.257812 0.351562
vt 0.257812 0.375000
vt 0.250000 0.375000
vt 0.437500 0.742188
vt 0.437500 0.765625
vt 0.265625 0.351562
vt 0.273438 0.351562
vt 0.273438 0.375000
vt 0.265625 0.375000
vt 0.218750 0.335938
vt 0.234375 0.335938
vt 0.234375 0.343750
vt 0.218750 0.343750
vt 0.734375 0.539062
vt 0.742188 0.539062
vt 0.742188 0.546875
vt 0.734375 0.546875
vt 0.476562 0.257812
vt 0.476562 0.265625
vt 0.250000 0.343750
vt 0.250000 0.335938
vt 0.671875 0.757812
vt 0.265625 0.335938
vt 0.265625 0.343750
vt 0.734375 0.523438
vt 0.742188 0.523438
vt 0.742188 0.531250
vt 0.734375 0.531250
vt 0.671875 0.742188
vt 0.484375 0.257812
vt 0.492188 0.257812
vt 0.492188 0.265625
vt 0.484375 0.265625
vt 0.734375 0.492188
vt 0.742188 0.492188
vt 0.742188 0.500000
vt 0.734375 0.500000
vt 0.515625 0.257812
vt 0.523438 0.257812
vt 0.523438 0.265625
vt 0.515625 0.265625
vt 0.359375 0.343750
vt 0.343750 0.343750
vt 0.343750 0.335938
vt 0.359375 0.335938
vt 0.765625 0.523438
vt 0.781250 0.523438
vt 0.781250 0.531250
vt 0.765625 0.531250
vt 0.765625 0.476562
vt 0.773438 0.476562
vt 0.773438 0.484375
vt 0.765625 0.484375
vt 0.484375 0.226562
vt 0.500000 0.226562
vt 0.500000 0.234375
vt 0.484375 0.234375
vt 0.546875 0.226562
vt 0.554688 0.226562
vt 0.554688 0.234375
vt 0.546875 0.234375
vt 0.781250 0.515625
vt 0.765625 0.515625
vt 0.765625 0.507812
vt 0.781250 0.507812
vt 0.515625 0.226562
vt 0.515625 0.234375
vt 0.671875 0.710938
vt 0.671875 0.718750
vt 0.765625 0.492188
vt 0.773438 0.492188
vt 0.773438 0.500000
vt 0.765625 0.500000
vt 0.312500 0.320312
vt 0.312500 0.328125
vt 0.523438 0.226562
vt 0.523438 0.234375
vt 0.781250 0.546875
vt 0.765625 0.546875
vt 0.765625 0.539062
vt 0.781250 0.539062
vt 0.468750 0.226562
vt 0.468750 0.234375
vt 0.375000 0.335938
vt 0.375000 0.343750
vt 0.734375 0.476562
vt 0.742188 0.476562
vt 0.742188 0.484375
vt 0.734375 0.484375
vt 0.531250 0.257812
vt 0.539062 0.265625
vt 0.531250 0.265625
vt 0.390625 0.343750
vt 0.390625 0.335938
vt 0.406250 0.335938
vt 0.406250 0.343750
vt 0.742188 0.460938
vt 0.742188 0.468750
vt 0.546875 0.257812
vt 0.554688 0.265625
vt 0.546875 0.265625
vt 0.421875 0.343750
vt 0.421875 0.335938
vt 0.437500 0.335938
vt 0.437500 0.343750
vt 0.734375 0.445312
vt 0.742188 0.445312
vt 0.742188 0.453125
vt 0.734375 0.453125
vt 0.562500 0.257812
vt 0.570312 0.257812
vt 0.570312 0.265625
vt 0.562500 0.265625
vt 0.453125 0.343750
vt 0.453125 0.335938
vt 0.375000 0.250000
vt 0.765625 0.812500
vt 0.773438 0.812500
vt 0.773438 0.828125
vt 0.765625 0.828125
vt 0.750000 0.625000
vt 0.750000 0.640625
vt 0.781250 0.453125
vt 0.765625 0.453125
vt 0.781250 0.445312
vt 0.578125 0.226562
vt 0.562500 0.226562
vt 0.562500 0.234375
vt 0.578125 0.234375
vt 0.765625 0.421875
vt 0.773438 0.421875
vt 0.773438 0.437500
vt 0.765625 0.437500
vt 0.578125 0.218750
vt 0.585938 0.218750
vt 0.585938 0.234375
vt 0.781250 0.421875
vt 0.765625 0.414062
vt 0.781250 0.414062
vt 0.609375 0.226562
vt 0.593750 0.226562
vt 0.593750 0.234375
vt 0.609375 0.234375
vt 0.515625 0.335938
vt 0.531250 0.335938
vt 0.531250 0.343750
vt 0.515625 0.343750
vt 0.734375 0.398438
vt 0.742188 0.398438
vt 0.742188 0.406250
vt 0.734375 0.406250
vt 0.609375 0.257812
vt 0.617188 0.257812
vt 0.617188 0.265625
vt 0.609375 0.265625
vt 0.546875 0.343750
vt 0.546875 0.335938
vt 0.562500 0.335938
vt 0.562500 0.343750
vt 0.734375 0.382812
vt 0.742188 0.382812
vt 0.742188 0.390625
vt 0.734375 0.390625
vt 0.625000 0.257812
vt 0.632812 0.257812
vt 0.632812 0.265625
vt 0.625000 0.265625
vt 0.578125 0.343750
vt 0.578125 0.335938
vt 0.593750 0.335938
vt 0.593750 0.343750
vt 0.734375 0.367188
vt 0.742188 0.367188
vt 0.742188 0.375000
vt 0.734375 0.375000
vt 0.640625 0.257812
vt 0.648438 0.257812
vt 0.648438 0.265625
vt 0.640625 0.265625
vt 0.609375 0.343750
vt 0.609375 0.335938
vt 0.625000 0.335938
vt 0.734375 0.351562
vt 0.742188 0.351562
vt 0.742188 0.359375
vt 0.734375 0.359375
vt 0.656250 0.382812
vt 0.656250 0.390625
vt 0.656250 0.257812
vt 0.664062 0.257812
vt 0.664062 0.265625
vt 0.656250 0.265625
vt 0.640625 0.343750
vt 0.640625 0.335938
vt 0.656250 0.335938
vt 0.656250 0.343750
vt 0.734375 0.335938
vt 0.742188 0.335938
vt 0.742188 0.343750
vt 0.734375 0.343750
vt 0.671875 0.257812
vt 0.679688 0.257812
vt 0.679688 0.265625
vt 0.671875 0.265625
vt 0.671875 0.992188
vt 0.671875 1.000000
vt 0.671875 0.976562
vt 0.671875 0.984375
vt 0.734375 0.320312
vt 0.742188 0.320312
vt 0.742188 0.328125
vt 0.734375 0.328125
vt 0.687500 0.257812
vt 0.695312 0.257812
vt 0.695312 0.265625
vt 0.687500 0.265625
vt 0.734375 0.304688
vt 0.742188 0.304688
vt 0.742188 0.312500
vt 0.734375 0.312500
vt 0.703125 0.257812
vt 0.710938 0.257812
vt 0.710938 0.265625
vt 0.703125 0.265625
s 1
usemtl m_b2595316-4466-992c-84c3-0428e2ebf3d3.014
f 4/1/1 7/2/1 5/3/1 2/4/1
f 3/5/2 4/6/2 2/7/2 1/8/2
f 8/9/3 3/10/3 1/11/3 6/12/3
f 7/13/4 8/14/4 6/15/4 5/16/4
f 6/17/5 1/18/5 2/19/5 5/20/5
f 7/21/6 4/22/6 3/23/6 8/24/6
f 12/25/1 15/26/1 13/27/1 10/28/1
f 11/29/2 12/30/2 10/31/2 9/32/2
f 16/33/3 11/34/3 9/35/3 14/36/3
f 15/37/4 16/38/4 14/30/4 13/29/4
f 14/39/5 9/40/5 10/41/5 13/42/5
f 15/43/6 12/44/6 11/45/6 16/46/6
f 20/47/7 23/48/7 21/49/7 18/50/7
f 19/51/2 20/52/2 18/48/2 17/47/2
f 24/53/8 19/54/8 17/55/8 22/56/8
f 23/57/4 24/58/4 22/59/4 21/60/4
f 22/61/9 17/62/9 18/63/9 21/64/9
f 23/65/10 20/66/10 19/67/10 24/68/10
f 28/69/7 31/70/7 29/71/7 26/72/7
f 27/73/2 28/74/2 26/75/2 25/76/2
f 32/77/8 27/78/8 25/79/8 30/80/8
f 31/81/4 32/82/4 30/83/4 29/84/4
f 30/85/11 25/86/11 26/87/11 29/88/11
f 31/89/12 28/90/12 27/91/12 32/92/12
f 36/93/1 39/94/1 37/95/1 34/96/1
f 35/97/2 36/98/2 34/99/2 33/100/2
f 40/101/3 35/102/3 33/103/3 38/104/3
f 39/105/4 40/106/4 38/107/4 37/108/4
f 38/109/5 33/110/5 34/111/5 37/112/5
f 39/113/6 36/114/6 35/115/6 40/116/6
f 44/117/13 47/118/13 45/119/13 42/120/13
f 43/121/2 44/122/2 42/123/2 41/124/2
f 48/125/8 43/126/8 41/127/8 46/128/8
f 47/129/4 48/130/4 46/131/4 45/132/4
f 46/133/9 41/134/9 42/135/9 45/136/9
f 47/137/14 44/138/14 43/139/14 48/140/14
f 52/141/1 55/142/1 53/143/1 50/144/1
f 51/145/2 52/146/2 50/147/2 49/148/2
f 56/149/3 51/150/3 49/151/3 54/152/3
f 55/153/4 56/154/4 54/155/4 53/156/4
f 54/157/5 49/158/5 50/159/5 53/160/5
f 55/161/6 52/162/6 51/163/6 56/164/6
f 60/165/7 63/166/7 61/167/7 58/168/7
f 59/169/2 60/170/2 58/171/2 57/172/2
f 64/173/15 59/174/15 57/175/15 62/176/15
f 63/177/4 64/178/4 62/179/4 61/180/4
f 62/181/16 57/182/16 58/183/16 61/184/16
f 63/185/10 60/186/10 59/187/10 64/188/10
f 68/189/1 71/190/1 69/191/1 66/192/1
f 67/193/2 68/194/2 66/195/2 65/196/2
f 72/197/3 67/198/3 65/199/3 70/200/3
f 71/201/4 72/202/4 70/203/4 69/204/4
f 70/205/5 65/206/5 66/207/5 69/208/5
f 71/209/6 68/210/6 67/211/6 72/212/6
f 76/213/7 79/214/7 77/215/7 74/216/7
f 75/217/2 76/218/2 74/219/2 73/220/2
f 80/221/8 75/222/8 73/223/8 78/224/8
f 79/225/4 80/226/4 78/227/4 77/228/4
f 78/229/9 73/230/9 74/231/9 77/232/9
f 79/233/10 76/234/10 75/235/10 80/236/10
f 84/237/1 87/238/1 85/239/1 82/240/1
f 83/241/2 84/242/2 82/243/2 81/244/2
f 88/245/3 83/246/3 81/247/3 86/248/3
f 87/249/4 88/250/4 86/251/4 85/252/4
f 86/253/5 81/254/5 82/255/5 85/256/5
f 87/257/6 84/258/6 83/259/6 88/260/6
f 92/261/1 95/262/1 93/263/1 90/264/1
f 91/265/2 92/266/2 90/267/2 89/268/2
f 96/269/3 91/270/3 89/271/3 94/272/3
f 95/273/4 96/274/4 94/275/4 93/276/4
f 94/277/5 89/278/5 90/279/5 93/280/5
f 95/281/6 92/282/6 91/283/6 96/284/6
f 100/285/1 103/286/1 101/287/1 98/288/1
f 99/289/2 100/290/2 98/291/2 97/292/2
f 104/293/3 99/294/3 97/295/3 102/296/3
f 103/297/4 104/298/4 102/299/4 101/300/4
f 102/301/5 97/302/5 98/303/5 101/304/5
f 103/305/6 100/306/6 99/307/6 104/308/6
f 108/309/1 111/310/1 109/311/1 106/312/1
f 107/313/2 108/314/2 106/315/2 105/316/2
f 112/317/3 107/318/3 105/319/3 110/320/3
f 111/321/4 112/322/4 110/323/4 109/324/4
f 110/325/5 105/326/5 106/327/5 109/328/5
f 111/329/6 108/330/6 107/331/6 112/332/6
f 116/333/1 119/334/1 117/335/1 114/336/1
f 115/337/2 116/338/2 114/339/2 113/340/2
f 120/341/3 115/342/3 113/343/3 118/344/3
f 119/345/4 120/346/4 118/347/4 117/348/4
f 118/349/5 113/350/5 114/351/5 117/352/5
f 119/353/6 116/354/6 115/355/6 120/356/6
f 124/357/1 127/358/1 125/359/1 122/360/1
f 123/361/2 124/362/2 122/363/2 121/364/2
f 128/365/3 123/366/3 121/367/3 126/368/3
f 127/369/4 128/370/4 126/371/4 125/372/4
f 126/373/5 121/374/5 122/375/5 125/376/5
f 127/377/6 124/378/6 123/379/6 128/380/6
f 132/381/17 135/382/17 133/383/17 130/384/17
f 131/385/2 132/386/2 130/387/2 129/388/2
f 136/389/18 131/390/18 129/391/18 134/392/18
f 135/2/4 136/393/4 134/394/4 133/3/4
f 134/395/19 129/11/19 130/10/19 133/396/19
f 135/397/20 132/20/20 131/17/20 136/398/20
f 140/21/21 143/399/21 141/400/21 138/24/21
f 139/401/2 140/402/2 138/403/2 137/404/2
f 144/405/22 139/406/22 137/407/22 142/408/22
f 143/409/4 144/410/4 142/411/4 141/412/4
f 142/413/23 137/414/23 138/415/23 141/416/23
f 143/417/24 140/418/24 139/419/24 144/420/24
f 148/421/1 151/422/1 149/423/1 146/424/1
f 147/425/2 148/426/2 146/427/2 145/428/2
f 152/429/3 147/430/3 145/431/3 150/432/3
f 151/433/4 152/434/4 150/435/4 149/436/4
f 150/437/5 145/438/5 146/439/5 149/440/5
f 151/441/6 148/442/6 147/443/6 152/444/6
f 156/445/25 159/446/25 157/447/25 154/448/25
f 155/449/2 156/450/2 154/451/2 153/452/2
f 160/453/26 155/454/26 153/455/26 158/456/26
f 159/457/4 160/458/4 158/459/4 157/460/4
f 158/461/27 153/462/27 154/463/27 157/464/27
f 159/465/28 156/466/28 155/467/28 160/468/28
f 164/469/29 167/470/29 165/471/29 162/472/29
f 163/473/2 164/474/2 162/475/2 161/476/2
f 168/477/30 163/478/30 161/479/30 166/480/30
f 167/481/4 168/482/4 166/483/4 165/484/4
f 166/485/31 161/486/31 162/487/31 165/488/31
f 167/489/32 164/490/32 163/491/32 168/492/32
f 172/493/1 175/494/1 173/495/1 170/496/1
f 171/497/2 172/498/2 170/499/2 169/500/2
f 176/501/3 171/502/3 169/503/3 174/33/3
f 175/504/4 176/505/4 174/506/4 173/507/4
f 174/508/5 169/509/5 170/510/5 173/511/5
f 175/512/6 172/513/6 171/514/6 176/515/6
f 180/516/1 183/517/1 181/54/1 178/518/1
f 179/519/2 180/520/2 178/521/2 177/522/2
f 184/523/3 179/524/3 177/525/3 182/526/3
f 183/527/4 184/528/4 182/529/4 181/530/4
f 182/531/5 177/532/5 178/533/5 181/534/5
f 183/535/6 180/536/6 179/57/6 184/537/6
f 188/538/1 191/539/1 189/540/1 186/541/1
f 187/520/2 188/542/2 186/543/2 185/521/2
f 192/544/3 187/545/3 185/546/3 190/547/3
f 191/548/4 192/549/4 190/550/4 189/551/4
f 190/552/5 185/553/5 186/554/5 189/555/5
f 191/556/6 188/557/6 187/558/6 192/559/6
f 196/560/1 199/561/1 197/562/1 194/563/1
f 195/564/2 196/565/2 194/566/2 193/567/2
f 200/568/3 195/569/3 193/570/3 198/571/3
f 199/572/4 200/573/4 198/574/4 197/575/4
f 198/576/5 193/577/5 194/578/5 197/579/5
f 199/580/6 196/581/6 195/582/6 200/583/6
f 204/584/1 207/585/1 205/586/1 202/587/1
f 203/588/2 204/589/2 202/590/2 201/591/2
f 208/592/3 203/593/3 201/594/3 206/595/3
f 207/596/4 208/597/4 206/598/4 205/599/4
f 206/600/5 201/601/5 202/602/5 205/603/5
f 207/604/6 204/605/6 203/606/6 208/607/6
f 212/608/33 215/609/33 213/610/33 210/611/33
f 211/612/2 212/613/2 210/614/2 209/615/2
f 216/616/34 211/617/34 209/618/34 214/619/34
f 215/620/4 216/621/4 214/622/4 213/623/4
f 214/624/35 209/625/35 210/626/35 213/627/35
f 215/628/36 212/629/36 211/630/36 216/631/36
f 220/632/37 223/633/37 221/634/37 218/635/37
f 219/636/2 220/637/2 218/638/2 217/639/2
f 224/640/38 219/641/38 217/642/38 222/643/38
f 223/644/4 224/645/4 222/646/4 221/647/4
f 222/648/39 217/649/39 218/650/39 221/651/39
f 223/652/40 220/653/40 219/654/40 224/655/40
f 228/656/37 231/657/37 229/658/37 226/659/37
f 227/660/2 228/661/2 226/662/2 225/663/2
f 232/664/38 227/665/38 225/666/38 230/667/38
f 231/668/4 232/669/4 230/670/4 229/671/4
f 230/672/39 225/673/39 226/674/39 229/675/39
f 231/676/40 228/677/40 227/678/40 232/679/40
f 236/680/41 239/681/41 237/682/41 234/683/41
f 235/684/2 236/685/2 234/686/2 233/687/2
f 240/688/42 235/689/42 233/690/42 238/691/42
f 239/692/4 240/693/4 238/694/4 237/695/4
f 238/696/43 233/697/43 234/698/43 237/699/43
f 239/700/44 236/701/44 235/702/44 240/703/44
f 244/704/45 247/705/45 245/706/45 242/707/45
f 243/708/2 244/709/2 242/710/2 241/711/2
f 248/712/46 243/713/46 241/714/46 246/715/46
f 247/716/4 248/717/4 246/718/4 245/719/4
f 246/720/47 241/721/47 242/722/47 245/723/47
f 247/724/48 244/725/48 243/726/48 248/727/48
f 252/728/49 255/729/49 253/730/49 250/731/49
f 251/732/2 252/733/2 250/734/2 249/735/2
f 256/736/50 251/737/50 249/738/50 254/739/50
f 255/740/4 256/741/4 254/742/4 253/743/4
f 254/744/51 249/745/51 250/746/51 253/747/51
f 255/748/52 252/749/52 251/750/52 256/751/52
f 260/752/53 263/753/53 261/754/53 258/755/53
f 259/756/2 260/757/2 258/758/2 257/759/2
f 264/760/54 259/761/54 257/762/54 262/763/54
f 263/764/4 264/765/4 262/766/4 261/767/4
f 262/768/55 257/769/55 258/770/55 261/771/55
f 263/772/56 260/773/56 259/774/56 264/775/56
f 268/776/33 271/777/33 269/778/33 266/779/33
f 267/780/2 268/781/2 266/782/2 265/783/2
f 272/784/34 267/785/34 265/786/34 270/787/34
f 271/788/4 272/789/4 270/790/4 269/791/4
f 270/792/35 265/793/35 266/794/35 269/795/35
f 271/796/36 268/797/36 267/798/36 272/799/36
f 276/800/49 279/801/49 277/802/49 274/803/49
f 275/804/2 276/805/2 274/806/2 273/807/2
f 280/808/50 275/809/50 273/810/50 278/811/50
f 279/812/4 280/813/4 278/814/4 277/815/4
f 278/816/51 273/817/51 274/818/51 277/819/51
f 279/820/52 276/821/52 275/822/52 280/823/52
f 284/824/45 287/825/45 285/826/45 282/827/45
f 283/828/2 284/829/2 282/830/2 281/831/2
f 288/832/57 283/833/57 281/834/57 286/835/57
f 287/836/4 288/837/4 286/838/4 285/839/4
f 286/840/58 281/841/58 282/842/58 285/843/58
f 287/844/48 284/845/48 283/846/48 288/847/48
f 292/848/59 295/849/59 293/850/59 290/851/59
f 291/852/2 292/853/2 290/854/2 289/855/2
f 296/856/60 291/857/60 289/858/60 294/859/60
f 295/860/4 296/861/4 294/862/4 293/863/4
f 294/864/61 289/865/61 290/866/61 293/867/61
f 295/868/62 292/869/62 291/870/62 296/871/62
f 300/872/63 303/873/63 301/874/63 298/875/63
f 299/876/2 300/877/2 298/878/2 297/879/2
f 304/880/64 299/881/64 297/882/64 302/883/64
f 303/884/4 304/885/4 302/886/4 301/887/4
f 302/888/65 297/889/65 298/890/65 301/891/65
f 303/892/66 300/893/66 299/894/66 304/895/66
f 308/549/67 311/896/67 309/897/67 306/550/67
f 307/898/2 308/899/2 306/900/2 305/901/2
f 312/902/68 307/903/68 305/904/68 310/905/68
f 311/906/4 312/907/4 310/908/4 309/909/4
f 310/910/69 305/911/69 306/912/69 309/913/69
f 311/914/70 308/915/70 307/916/70 312/917/70
f 316/918/71 319/919/71 317/920/71 314/921/71
f 315/922/2 316/923/2 314/924/2 313/925/2
f 320/926/72 315/927/72 313/928/72 318/929/72
f 319/930/4 320/931/4 318/932/4 317/933/4
f 318/934/73 313/935/73 314/936/73 317/937/73
f 319/938/74 316/939/74 315/940/74 320/941/74
f 324/942/17 327/943/17 325/944/17 322/945/17
f 323/946/2 324/947/2 322/948/2 321/949/2
f 328/950/75 323/951/75 321/952/75 326/953/75
f 327/954/4 328/955/4 326/956/4 325/957/4
f 326/958/19 321/959/19 322/960/19 325/961/19
f 327/962/20 324/963/20 323/964/20 328/965/20
f 332/966/21 335/967/21 333/968/21 330/969/21
f 331/970/2 332/971/2 330/972/2 329/973/2
f 336/974/76 331/975/76 329/976/76 334/977/76
f 335/978/4 336/979/4 334/980/4 333/981/4
f 334/982/23 329/983/23 330/984/23 333/985/23
f 335/986/24 332/987/24 331/988/24 336/989/24
f 340/990/25 343/991/25 341/992/25 338/993/25
f 339/994/2 340/995/2 338/996/2 337/997/2
f 344/998/26 339/999/26 337/1000/26 342/1001/26
f 343/1002/4 344/1003/4 342/1004/4 341/1005/4
f 342/1006/77 337/1007/77 338/1008/77 341/1009/77
f 343/1010/28 340/1011/28 339/1012/28 344/1013/28
f 348/1014/78 351/1015/78 349/1016/78 346/1017/78
f 347/1018/2 348/1019/2 346/1020/2 345/1021/2
f 352/1022/79 347/1023/79 345/1024/79 350/1025/79
f 351/1026/4 352/1027/4 350/1028/4 349/1029/4
f 350/1030/80 345/1031/80 346/1032/80 349/1033/80
f 351/1034/81 348/1035/81 347/1036/81 352/1037/81
f 356/1038/63 359/1039/63 357/1040/63 354/1041/63
f 355/1042/2 356/1043/2 354/1044/2 353/1045/2
f 360/1046/64 355/1047/64 353/1048/64 358/1049/64
f 359/1050/4 360/1051/4 358/1052/4 357/1053/4
f 358/1054/82 353/1055/82 354/1056/82 357/1057/82
f 359/1058/66 356/1059/66 355/1060/66 360/1061/66
f 364/1062/83 367/1063/83 365/1064/83 362/1065/83
f 363/1066/2 364/1067/2 362/1068/2 361/1069/2
f 368/1070/84 363/1071/84 361/1072/84 366/1073/84
f 367/1074/4 368/1075/4 366/1076/4 365/1077/4
f 366/1078/61 361/1079/61 362/1080/61 365/1081/61
f 367/1082/62 364/1083/62 363/1084/62 368/1085/62
f 372/1086/85 375/1087/85 373/1088/85 370/1089/85
f 371/1090/2 372/1091/2 370/1092/2 369/1093/2
f 376/1094/68 371/1095/68 369/1096/68 374/1097/68
f 375/1098/4 376/1099/4 374/1100/4 373/1101/4
f 374/1102/69 369/1103/69 370/1104/69 373/1105/69
f 375/1106/70 372/1107/70 371/1108/70 376/1109/70
f 380/1110/71 383/1111/71 381/1112/71 378/1113/71
f 379/1114/2 380/1115/2 378/1116/2 377/1117/2
f 384/1118/86 379/1119/86 377/1120/86 382/1121/86
f 383/1122/4 384/1123/4 382/1124/4 381/1125/4
f 382/1126/73 377/1127/73 378/1128/73 381/1129/73
f 383/1130/87 380/1131/87 379/1132/87 384/1133/87
f 388/1134/85 391/1135/85 389/1136/85 386/1137/85
f 387/1138/2 388/1139/2 386/1140/2 385/1141/2
f 392/1142/68 387/1143/68 385/1144/68 390/1145/68
f 391/1146/4 392/1147/4 390/1148/4 389/1149/4
f 390/1150/88 385/1151/88 386/1152/88 389/1153/88
f 391/1154/89 388/1155/89 387/1156/89 392/1157/89
f 396/1158/59 399/1159/59 397/1160/59 394/1161/59
f 395/1162/2 396/1163/2 394/1164/2 393/1165/2
f 400/1166/84 395/1167/84 393/1168/84 398/1169/84
f 399/1170/4 400/1171/4 398/1172/4 397/1173/4
f 398/1174/61 393/1175/61 394/1176/61 397/1177/61
f 399/1178/62 396/1179/62 395/1180/62 400/1181/62
f 404/1182/63 407/1183/63 405/1184/63 402/1185/63
f 403/1186/2 404/1187/2 402/1188/2 401/1189/2
f 408/1190/64 403/1191/64 401/1192/64 406/1193/64
f 407/1194/4 408/1195/4 406/1196/4 405/1197/4
f 406/1198/65 401/1199/65 402/1200/65 405/1201/65
f 407/1202/66 404/1203/66 403/1204/66 408/1205/66
f 412/1206/1 415/1207/1 413/1208/1 410/1209/1
f 411/1210/2 412/1211/2 410/1212/2 409/1213/2
f 416/1214/3 411/1215/3 409/1216/3 414/1217/3
f 415/1218/4 416/1219/4 414/1220/4 413/1221/4
f 414/1222/5 409/1223/5 410/1224/5 413/1225/5
f 415/1226/6 412/1227/6 411/1228/6 416/1229/6
f 420/1230/25 423/1231/25 421/1232/25 418/1233/25
f 419/1234/2 420/1235/2 418/1236/2 417/1237/2
f 424/1238/26 419/1239/26 417/1240/26 422/1241/26
f 423/1242/4 424/1243/4 422/1244/4 421/1245/4
f 422/1246/77 417/1247/77 418/1248/77 421/1249/77
f 423/1250/28 420/1251/28 419/1252/28 424/1253/28
f 428/1254/29 431/1255/29 429/1256/29 426/1257/29
f 427/1258/2 428/1259/2 426/1260/2 425/1261/2
f 432/1262/30 427/1263/30 425/1264/30 430/1265/30
f 431/1266/4 432/1267/4 430/1268/4 429/1269/4
f 430/1270/90 425/1271/90 426/1272/90 429/1273/90
f 431/1274/81 428/1275/81 427/1276/81 432/1277/81
f 436/1278/21 439/1279/21 437/1280/21 434/1281/21
f 435/1282/2 436/1283/2 434/1284/2 433/1285/2
f 440/1286/76 435/1287/76 433/1288/76 438/1289/76
f 439/1290/4 440/1291/4 438/1292/4 437/1293/4
f 438/1294/91 433/1295/91 434/1296/91 437/1297/91
f 439/1298/24 436/1299/24 435/1300/24 440/142/24
f 444/1301/1 447/1302/1 445/1303/1 442/1304/1
f 443/1305/2 444/1306/2 442/1307/2 441/1308/2
f 448/1309/3 443/1310/3 441/1311/3 446/1312/3
f 447/1313/4 448/1314/4 446/1315/4 445/1316/4
f 446/1317/5 441/1318/5 442/1319/5 445/1320/5
f 447/1321/6 444/1322/6 443/1323/6 448/1324/6
f 452/1325/1 455/1326/1 453/1327/1 450/1328/1
f 451/1329/2 452/1330/2 450/1331/2 449/1332/2
f 456/1333/3 451/1334/3 449/1335/3 454/1336/3
f 455/1337/4 456/1338/4 454/1339/4 453/1340/4
f 454/1341/5 449/1342/5 450/1343/5 453/1344/5
f 455/1345/6 452/1346/6 451/1347/6 456/1348/6
f 460/1349/1 463/1350/1 461/1351/1 458/1352/1
f 459/1330/2 460/1353/2 458/1354/2 457/1331/2
f 464/1355/3 459/1356/3 457/146/3 462/1357/3
f 463/1358/4 464/1359/4 462/1360/4 461/1361/4
f 462/1362/5 457/1363/5 458/1364/5 461/1365/5
f 463/1366/6 460/1367/6 459/1368/6 464/1369/6
f 468/1370/1 471/1371/1 469/1372/1 466/1373/1
f 467/1374/2 468/1375/2 466/1376/2 465/1377/2
f 472/1378/3 467/1379/3 465/1380/3 470/1381/3
f 471/1382/4 472/1383/4 470/1384/4 469/1385/4
f 470/1386/5 465/1387/5 466/1388/5 469/1389/5
f 471/1390/6 468/1391/6 467/1392/6 472/1393/6
f 476/1394/1 479/1395/1 477/1396/1 474/1397/1
f 475/1398/2 476/1399/2 474/1400/2 473/1401/2
f 480/1402/3 475/1403/3 473/1404/3 478/1405/3
f 479/1406/4 480/1407/4 478/1408/4 477/1409/4
f 478/1410/5 473/1411/5 474/1412/5 477/1413/5
f 479/1414/6 476/1415/6 475/1416/6 480/1417/6
f 484/1418/1 487/1419/1 485/1420/1 482/1421/1
f 483/1422/2 484/1423/2 482/1424/2 481/1425/2
f 488/1426/3 483/1427/3 481/1428/3 486/1429/3
f 487/1430/4 488/1431/4 486/1432/4 485/1433/4
f 486/1434/5 481/1435/5 482/1436/5 485/1437/5
f 487/1438/6 484/1439/6 483/1440/6 488/1441/6
f 492/1442/1 495/1443/1 493/1444/1 490/1445/1
f 491/1446/2 492/1447/2 490/1448/2 489/1449/2
f 496/1450/3 491/1451/3 489/1452/3 494/1453/3
f 495/1454/4 496/1455/4 494/1456/4 493/1457/4
f 494/1458/5 489/1459/5 490/1460/5 493/1461/5
f 495/1462/6 492/1463/6 491/1464/6 496/1465/6
f 500/1466/1 503/1467/1 501/1468/1 498/1469/1
f 499/1470/2 500/1471/2 498/1472/2 497/1473/2
f 504/1474/3 499/1475/3 497/1476/3 502/1477/3
f 503/1478/4 504/1479/4 502/1480/4 501/1481/4
f 502/1482/5 497/1483/5 498/1484/5 501/1485/5
f 503/1486/6 500/1487/6 499/1488/6 504/1489/6
f 508/1490/1 511/1491/1 509/1492/1 506/1493/1
f 507/1494/2 508/1495/2 506/1496/2 505/1497/2
f 512/1498/3 507/1499/3 505/1500/3 510/1501/3
f 511/1502/4 512/1503/4 510/1504/4 509/1505/4
f 510/1506/5 505/1507/5 506/1508/5 509/1509/5
f 511/1510/6 508/1511/6 507/1512/6 512/1513/6
f 516/1514/37 519/1515/37 517/1516/37 514/1517/37
f 515/1495/2 516/1518/2 514/1519/2 513/1496/2
f 520/1515/38 515/1520/38 513/1521/38 518/1516/38
f 519/1522/4 520/1523/4 518/1524/4 517/1525/4
f 518/1526/39 513/1521/39 514/1520/39 517/1527/39
f 519/1528/40 516/1529/40 515/1530/40 520/1531/40
f 524/1527/37 527/1532/37 525/1533/37 522/1526/37
f 523/1534/2 524/1535/2 522/1536/2 521/1537/2
f 528/1538/38 523/1539/38 521/1540/38 526/1541/38
f 527/1542/4 528/1543/4 526/1544/4 525/1545/4
f 526/1546/39 521/1533/39 522/1532/39 525/1547/39
f 527/1548/40 524/1549/40 523/1550/40 528/1551/40
f 532/1552/17 535/1553/17 533/1554/17 530/1555/17
f 531/1556/2 532/1557/2 530/1558/2 529/1559/2
f 536/1560/18 531/1561/18 529/1562/18 534/1563/18
f 535/1564/4 536/1565/4 534/1566/4 533/1567/4
f 534/1568/19 529/1569/19 530/1570/19 533/1571/19
f 535/1572/20 532/1573/20 531/1574/20 536/1575/20
f 540/1576/21 543/1577/21 541/1578/21 538/1579/21
f 539/1580/2 540/1581/2 538/1582/2 537/1583/2
f 544/1584/22 539/1585/22 537/1586/22 542/1587/22
f 543/1588/4 544/1589/4 542/1590/4 541/1591/4
f 542/1592/23 537/1593/23 538/1594/23 541/1595/23
f 543/1596/24 540/1597/24 539/1598/24 544/1599/24
f 548/1600/29 551/1601/29 549/1602/29 546/1603/29
f 547/1604/2 548/1605/2 546/1606/2 545/1607/2
f 552/1608/30 547/1609/30 545/1610/30 550/1611/30
f 551/1612/4 552/1613/4 550/1614/4 549/1615/4
f 550/1616/31 545/1617/31 546/1618/31 549/1619/31
f 551/1620/32 548/1621/32 547/1622/32 552/1623/32
f 556/1624/25 559/1625/25 557/1626/25 554/1627/25
f 555/1628/2 556/1629/2 554/1630/2 553/1631/2
f 560/1632/26 555/1633/26 553/1634/26 558/1635/26
f 559/1211/4 560/1636/4 558/1637/4 557/1212/4
f 558/1638/27 553/1220/27 554/1219/27 557/1639/27
f 559/1640/28 556/1641/28 555/1642/28 560/1643/28
f 564/1644/1 567/1645/1 565/1646/1 562/1647/1
f 563/1648/2 564/1649/2 562/1650/2 561/1651/2
f 568/1652/3 563/1653/3 561/1654/3 566/1655/3
f 567/1656/4 568/1657/4 566/1658/4 565/1659/4
f 566/1660/5 561/1661/5 562/1662/5 565/1663/5
f 567/1664/6 564/1665/6 563/1666/6 568/1667/6
f 572/1306/1 575/1668/1 573/1669/1 570/1307/1
f 571/1670/2 572/1671/2 570/1672/2 569/1673/2
f 576/1674/3 571/1675/3 569/1676/3 574/1677/3
f 575/1678/4 576/1679/4 574/1680/4 573/1681/4
f 574/1682/5 569/1683/5 570/1684/5 573/1685/5
f 575/1686/6 572/1687/6 571/1688/6 576/1689/6
f 580/1338/63 583/1690/63 581/1691/63 578/1339/63
f 579/1692/2 580/1693/2 578/1694/2 577/1695/2
f 584/1696/64 579/1697/64 577/1698/64 582/1699/64
f 583/1700/4 584/1701/4 582/1702/4 581/1703/4
f 582/1704/65 577/1705/65 578/1706/65 581/1707/65
f 583/1708/66 580/1709/66 579/1710/66 584/1711/66
f 588/1712/67 591/1713/67 589/1714/67 586/1715/67
f 587/1716/2 588/1717/2 586/1718/2 585/1719/2
f 592/1720/68 587/1721/68 585/1722/68 590/1723/68
f 591/1724/4 592/1725/4 590/1726/4 589/1727/4
f 590/1728/69 585/1729/69 586/1730/69 589/1731/69
f 591/1732/70 588/1733/70 587/1734/70 592/1735/70
f 596/1736/59 599/1737/59 597/1738/59 594/1739/59
f 595/1740/2 596/1741/2 594/1742/2 593/1743/2
f 600/1503/60 595/1744/60 593/1745/60 598/1504/60
f 599/1746/4 600/1747/4 598/1748/4 597/1749/4
f 598/1750/61 593/1751/61 594/1752/61 597/1753/61
f 599/1754/62 596/1755/62 595/1756/62 600/1757/62
f 604/1758/71 607/1759/71 605/1760/71 602/1761/71
f 603/1762/2 604/1763/2 602/1764/2 601/1765/2
f 608/1766/72 603/1767/72 601/1768/72 606/1769/72
f 607/1770/4 608/1771/4 606/1772/4 605/1773/4
f 606/1774/73 601/1775/73 602/1776/73 605/1777/73
f 607/1778/74 604/1779/74 603/1780/74 608/1781/74
f 612/1782/92 615/1783/92 613/1784/92 610/1785/92
f 611/1786/2 612/1787/2 610/1788/2 609/1789/2
f 616/1790/18 611/1791/18 609/1792/18 614/1793/18
f 615/1794/4 616/1795/4 614/1796/4 613/1797/4
f 614/1798/93 609/1799/93 610/1800/93 613/1801/93
f 615/1802/94 612/1803/94 611/1804/94 616/1805/94
f 620/1806/71 623/1807/71 621/1808/71 618/1809/71
f 619/1810/2 620/1811/2 618/1812/2 617/1813/2
f 624/1814/86 619/1815/86 617/1816/86 622/1817/86
f 623/1818/4 624/1819/4 622/1820/4 621/1821/4
f 622/1822/95 617/1823/95 618/1824/95 621/1825/95
f 623/1826/96 620/1827/96 619/1828/96 624/1829/96
f 628/1830/71 631/1831/71 629/1832/71 626/1833/71
f 627/1834/2 628/1835/2 626/1836/2 625/1837/2
f 632/1838/86 627/1839/86 625/1840/86 630/1841/86
f 631/1842/4 632/1843/4 630/1844/4 629/1845/4
f 630/1846/95 625/1847/95 626/1848/95 629/1849/95
f 631/1850/97 628/1851/97 627/1852/97 632/1853/97
f 636/1854/17 639/1855/17 637/1856/17 634/1857/17
f 635/1858/2 636/1859/2 634/1860/2 633/1861/2
f 640/1862/18 635/1863/18 633/1864/18 638/1865/18
f 639/1866/4 640/1867/4 638/1868/4 637/1869/4
f 638/1870/98 633/1871/98 634/1872/98 637/1873/98
f 639/1874/94 636/1875/94 635/1876/94 640/1877/94
f 644/1878/1 647/1879/1 645/1880/1 642/1881/1
f 643/1882/2 644/1883/2 642/1884/2 641/1885/2
f 648/1886/3 643/1887/3 641/1879/3 646/1878/3
f 647/1888/4 648/1889/4 646/1883/4 645/1882/4
f 646/1890/5 641/37/5 642/1891/5 645/1892/5
f 647/1893/6 644/1894/6 643/1895/6 648/1896/6
f 652/1897/1 655/1898/1 653/326/1 650/1899/1
f 651/1900/2 652/1901/2 650/1902/2 649/1903/2
f 656/1204/3 651/1904/3 649/1898/3 654/1897/3
f 655/1905/4 656/1906/4 654/1907/4 653/1908/4
f 654/1909/5 649/1910/5 650/1911/5 653/1912/5
f 655/1913/6 652/1914/6 651/1915/6 656/1916/6
f 660/1917/1 663/1918/1 661/1887/1 658/1886/1
f 659/1919/2 660/1920/2 658/1921/2 657/1922/2
f 664/1923/3 659/1924/3 657/1918/3 662/1917/3
f 663/1925/4 664/1926/4 662/1927/4 661/1928/4
f 662/1929/5 657/1930/5 658/1931/5 661/1932/5
f 663/1933/6 660/1934/6 659/1935/6 664/1936/6
f 668/1937/1 671/1938/1 669/1924/1 666/1923/1
f 667/1939/2 668/1940/2 666/1941/2 665/1942/2
f 672/1943/3 667/1944/3 665/1938/3 670/1937/3
f 671/1945/4 672/1946/4 670/1947/4 669/1948/4
f 670/1949/5 665/1950/5 666/1951/5 669/1952/5
f 671/1953/6 668/1954/6 667/1955/6 672/1956/6
f 676/1957/1 679/1958/1 677/1959/1 674/1960/1
f 675/1961/2 676/1962/2 674/1963/2 673/1964/2
f 680/1965/3 675/1966/3 673/1967/3 678/1968/3
f 679/1969/4 680/1114/4 678/1117/4 677/1970/4
f 678/1971/5 673/1972/5 674/1973/5 677/1974/5
f 679/1975/6 676/1976/6 675/1977/6 680/1978/6
f 684/1979/99 687/1980/99 685/1981/99 682/1982/99
f 683/1983/2 684/1984/2 682/1985/2 681/1986/2
f 688/1987/100 683/1988/100 681/1989/100 686/1990/100
f 687/1991/4 688/1992/4 686/1993/4 685/1994/4
f 686/1995/101 681/1996/101 682/1997/101 685/1998/101
f 687/1999/102 684/2000/102 683/2001/102 688/2002/102
f 692/2003/103 695/2004/103 693/2005/103 690/2006/103
f 691/2007/2 692/2008/2 690/2009/2 689/2010/2
f 696/2011/104 691/2012/104 689/2013/104 694/2014/104
f 695/2015/4 696/2016/4 694/2017/4 693/2018/4
f 694/2019/105 689/2020/105 690/2021/105 693/2022/105
f 695/2023/106 692/2024/106 691/2025/106 696/2026/106
f 700/2027/1 703/2028/1 701/2029/1 698/2030/1
f 699/1962/2 700/2031/2 698/2032/2 697/1963/2
f 704/2033/3 699/2034/3 697/2035/3 702/2036/3
f 703/2037/4 704/2038/4 702/2039/4 701/2040/4
f 702/2041/5 697/2042/5 698/2043/5 701/2044/5
f 703/2045/6 700/2046/6 699/2047/6 704/2048/6
f 708/2049/1 711/2050/1 709/2051/1 706/2052/1
f 707/2053/2 708/2054/2 706/2055/2 705/2056/2
f 712/2057/3 707/2058/3 705/2059/3 710/2060/3
f 711/2061/4 712/2062/4 710/2063/4 709/2064/4
f 710/2065/5 705/2066/5 706/2067/5 709/2068/5
f 711/2069/6 708/2070/6 707/2071/6 712/2072/6
f 716/2073/1 719/2074/1 717/2075/1 714/2076/1
f 715/2077/2 716/2078/2 714/2079/2 713/2080/2
f 720/2081/3 715/2082/3 713/2083/3 718/2084/3
f 719/2085/4 720/2086/4 718/2087/4 717/2088/4
f 718/2089/5 713/2090/5 714/2091/5 717/2092/5
f 719/2093/6 716/2094/6 715/2095/6 720/2096/6
f 724/2097/1 727/2098/1 725/2099/1 722/2100/1
f 723/2101/2 724/2102/2 722/2103/2 721/2104/2
f 728/2105/3 723/2106/3 721/2107/3 726/2108/3
f 727/2109/4 728/2110/4 726/2111/4 725/2112/4
f 726/2113/5 721/2114/5 722/2115/5 725/2116/5
f 727/2117/6 724/2118/6 723/2119/6 728/2120/6
f 732/2121/107 735/2122/107 733/2123/107 730/2124/107
f 731/2125/2 732/2126/2 730/2127/2 729/2128/2
f 736/2129/108 731/2130/108 729/2131/108 734/2132/108
f 735/2133/4 736/2134/4 734/2135/4 733/2136/4
f 734/2137/109 729/2138/109 730/2139/109 733/2140/109
f 735/2141/110 732/2142/110 731/2143/110 736/2144/110
f 740/2145/111 743/2146/111 741/2147/111 738/2148/111
f 739/2149/2 740/2150/2 738/2151/2 737/2152/2
f 744/2153/112 739/2154/112 737/2155/112 742/2156/112
f 743/2157/4 744/2158/4 742/2159/4 741/2160/4
f 742/2161/113 737/2162/113 738/2163/113 741/2164/113
f 743/2165/114 740/2166/114 739/2167/114 744/2168/114
f 748/2169/115 751/2170/115 749/2171/115 746/2172/115
f 747/2173/2 748/2174/2 746/2175/2 745/2176/2
f 752/2177/116 747/2178/116 745/2179/116 750/2180/116
f 751/2181/4 752/2182/4 750/2183/4 749/2184/4
f 750/2185/117 745/2186/117 746/2187/117 749/2188/117
f 751/2189/118 748/2190/118 747/2191/118 752/2192/118
f 756/2193/119 759/2194/119 757/2195/119 754/2196/119
f 755/2197/2 756/2198/2 754/2199/2 753/2200/2
f 760/2201/120 755/2202/120 753/2203/120 758/2204/120
f 759/2205/4 760/2206/4 758/2207/4 757/2208/4
f 758/2209/121 753/2210/121 754/2211/121 757/2212/121
f 759/2213/122 756/2214/122 755/2215/122 760/2216/122
f 764/2217/37 767/2218/37 765/2219/37 762/2220/37
f 763/2221/2 764/2222/2 762/2223/2 761/2224/2
f 768/2225/38 763/2226/38 761/2227/38 766/2228/38
f 767/2229/4 768/2230/4 766/2231/4 765/2232/4
f 766/2233/39 761/2234/39 762/2235/39 765/2236/39
f 767/2237/40 764/2238/40 763/2239/40 768/2240/40
f 772/2241/37 775/2242/37 773/2243/37 770/2244/37
f 771/2245/2 772/2246/2 770/2247/2 769/2248/2
f 776/2249/38 771/2250/38 769/2251/38 774/2252/38
f 775/2253/4 776/2254/4 774/2255/4 773/2256/4
f 774/2257/39 769/2258/39 770/2259/39 773/2260/39
f 775/2261/40 772/2262/40 771/2263/40 776/2264/40
f 780/2265/123 783/2266/123 781/2267/123 778/2268/123
f 779/2269/2 780/2270/2 778/2271/2 777/2272/2
f 784/2273/124 779/2274/124 777/2275/124 782/2276/124
f 783/2277/4 784/2278/4 782/2279/4 781/2280/4
f 782/2281/125 777/2282/125 778/2283/125 781/2284/125
f 783/2285/126 780/2286/126 779/2287/126 784/2288/126
f 788/2289/127 791/2290/127 789/2291/127 786/2292/127
f 787/426/2 788/2293/2 786/2294/2 785/427/2
f 792/2295/128 787/2296/128 785/2297/128 790/2298/128
f 791/2299/4 792/2300/4 790/2301/4 789/2302/4
f 790/2303/129 785/2304/129 786/2305/129 789/2306/129
f 791/2307/130 788/2308/130 787/2309/130 792/2310/130
f 796/2311/1 799/2312/1 797/2313/1 794/2314/1
f 795/2315/2 796/2316/2 794/2317/2 793/2318/2
f 800/2319/3 795/2320/3 793/2321/3 798/2322/3
f 799/2323/4 800/2324/4 798/2325/4 797/2326/4
f 798/2327/5 793/2328/5 794/2329/5 797/2330/5
f 799/2331/6 796/2332/6 795/2333/6 800/2334/6
f 804/2335/1 807/2336/1 805/2337/1 802/2338/1
f 803/2339/2 804/2340/2 802/2341/2 801/2342/2
f 808/2343/3 803/2344/3 801/2345/3 806/2346/3
f 807/2347/4 808/2348/4 806/2349/4 805/2350/4
f 806/2351/5 801/2352/5 802/2353/5 805/2354/5
f 807/2355/6 804/2356/6 803/2357/6 808/2358/6
f 812/2359/1 815/2360/1 813/2361/1 810/2362/1
f 811/2363/2 812/2364/2 810/2365/2 809/2366/2
f 816/2367/3 811/2368/3 809/2369/3 814/2370/3
f 815/2371/4 816/2372/4 814/2373/4 813/2374/4
f 814/2375/5 809/2376/5 810/2377/5 813/2378/5
f 815/2379/6 812/2380/6 811/2381/6 816/2382/6
f 820/2383/1 823/2384/1 821/2385/1 818/2386/1
f 819/2387/2 820/2388/2 818/2389/2 817/2390/2
f 824/2391/3 819/2392/3 817/2393/3 822/2394/3
f 823/2395/4 824/2396/4 822/2397/4 821/2398/4
f 822/2399/5 817/2400/5 818/2401/5 821/2402/5
f 823/2403/6 820/2404/6 819/2405/6 824/2406/6
f 828/2407/1 831/2408/1 829/2409/1 826/2410/1
f 827/2411/2 828/2412/2 826/2413/2 825/2414/2
f 832/2415/3 827/2416/3 825/2417/3 830/2418/3
f 831/2419/4 832/2420/4 830/2421/4 829/2422/4
f 830/2423/5 825/2424/5 826/2425/5 829/2426/5
f 831/2427/6 828/2428/6 827/2429/6 832/2430/6
f 836/2431/1 839/2432/1 837/2433/1 834/2434/1
f 835/2435/2 836/2436/2 834/2437/2 833/2438/2
f 840/2439/3 835/2440/3 833/2441/3 838/2442/3
f 839/2443/4 840/2444/4 838/2445/4 837/2446/4
f 838/2447/5 833/2448/5 834/2449/5 837/2450/5
f 839/2451/6 836/2452/6 835/2453/6 840/2454/6
f 844/2455/1 847/2456/1 845/2457/1 842/2458/1
f 843/2459/2 844/2460/2 842/2461/2 841/2462/2
f 848/2456/3 843/2463/3 841/1903/3 846/2457/3
f 847/2464/4 848/2465/4 846/2466/4 845/2467/4
f 846/2468/5 841/2469/5 842/2470/5 845/2471/5
f 847/313/6 844/2472/6 843/2473/6 848/1982/6
f 852/2474/1 855/2475/1 853/2476/1 850/2477/1
f 851/2478/2 852/2479/2 850/2480/2 849/2481/2
f 856/2475/3 851/2482/3 849/1922/3 854/2476/3
f 855/2483/4 856/2484/4 854/2485/4 853/2486/4
f 854/1990/5 849/2487/5 850/2488/5 853/321/5
f 855/2489/6 852/2490/6 851/1888/6 856/2491/6
f 860/2492/1 863/2493/1 861/2494/1 858/2495/1
f 859/312/2 860/2496/2 858/2493/2 857/2492/2
f 864/2497/3 859/2498/3 857/2499/3 862/315/3
f 863/323/4 864/2500/4 862/2501/4 861/2502/4
f 862/2503/5 857/2504/5 858/2505/5 861/2506/5
f 863/2507/6 860/2508/6 859/2509/6 864/2510/6
f 868/2511/131 871/2512/131 869/2513/131 866/2514/131
f 867/2515/2 868/2516/2 866/2517/2 865/2518/2
f 872/2519/132 867/2520/132 865/2521/132 870/2522/132
f 871/2523/4 872/2524/4 870/2525/4 869/2526/4
f 870/2527/133 865/2528/133 866/2529/133 869/2530/133
f 871/2531/134 868/2532/134 867/2533/134 872/2534/134
f 876/2535/135 879/2536/135 877/2537/135 874/2538/135
f 875/2539/2 876/2540/2 874/2541/2 873/2542/2
f 880/2543/136 875/2544/136 873/2545/136 878/2546/136
f 879/2547/4 880/2548/4 878/2549/4 877/2550/4
f 878/2551/137 873/2552/137 874/2553/137 877/2554/137
f 879/2555/138 876/2556/138 875/2557/138 880/2558/138
f 884/2559/139 887/2560/139 885/2561/139 882/2562/139
f 883/2563/2 884/2564/2 882/2565/2 881/2566/2
f 888/2567/140 883/2568/140 881/2569/140 886/2570/140
f 887/2571/4 888/2572/4 886/2573/4 885/2574/4
f 886/2575/141 881/2576/141 882/2577/141 885/2578/141
f 887/2579/142 884/2580/142 883/2581/142 888/2582/142
f 892/2583/143 895/2584/143 893/2585/143 890/2586/143
f 891/2587/2 892/2588/2 890/2589/2 889/2590/2
f 896/2591/144 891/2592/144 889/2593/144 894/2594/144
f 895/2595/4 896/2596/4 894/2597/4 893/2598/4
f 894/2599/145 889/2600/145 890/2601/145 893/2602/145
f 895/2603/146 892/2604/146 891/2605/146 896/2606/146
f 900/2607/1 903/2608/1 901/2609/1 898/2610/1
f 899/2611/2 900/2612/2 898/2613/2 897/2614/2
f 904/2615/3 899/2616/3 897/2617/3 902/2618/3
f 903/2619/4 904/2620/4 902/2621/4 901/2622/4
f 902/2623/5 897/2624/5 898/2625/5 901/2626/5
f 903/2627/6 900/2628/6 899/2629/6 904/2630/6
f 908/2631/1 911/2632/1 909/2633/1 906/2634/1
f 907/2635/2 908/2636/2 906/2637/2 905/2638/2
f 912/1881/3 907/2639/3 905/2632/3 910/2631/3
f 911/2495/4 912/2494/4 910/2636/4 909/2635/4
f 910/2640/5 905/2641/5 906/2642/5 909/2643/5
f 911/2644/6 908/2645/6 907/2646/6 912/2647/6
f 916/2648/1 919/2649/1 917/2650/1 914/2651/1
f 915/2652/2 916/2653/2 914/2654/2 913/2655/2
f 920/2656/3 915/2657/3 913/2658/3 918/2659/3
f 919/2660/4 920/2661/4 918/2662/4 917/2663/4
f 918/1878/5 913/2664/5 914/2665/5 917/2666/5
f 919/2667/6 916/2471/6 915/2468/6 920/1923/6
f 924/2668/1 927/409/1 925/412/1 922/2669/1
f 923/2670/2 924/2671/2 922/2672/2 921/2673/2
f 928/2674/3 923/2675/3 921/2676/3 926/2677/3
f 927/2678/4 928/2679/4 926/2680/4 925/2681/4
f 926/2006/5 921/2491/5 922/2489/5 925/2682/5
f 927/2683/6 924/1912/6 923/1909/6 928/2014/6
f 932/2684/1 935/2685/1 933/2686/1 930/2687/1
f 931/2688/2 932/537/2 930/2689/2 929/2690/2
f 936/2634/3 931/2633/3 929/2691/3 934/2692/3
f 935/168/4 936/167/4 934/2693/4 933/2694/4
f 934/404/5 929/2695/5 930/2696/5 933/401/5
f 935/2674/6 932/2697/6 931/2698/6 936/2677/6
f 940/2699/1 943/2700/1 941/2701/1 938/2702/1
f 939/2703/2 940/2704/2 938/2705/2 937/2706/2
f 944/2707/3 939/2708/3 937/2709/3 942/2710/3
f 943/2711/4 944/2712/4 942/2713/4 941/2714/4
f 942/2715/5 937/2716/5 938/2717/5 941/2718/5
f 943/2719/6 940/2720/6 939/2721/6 944/2722/6
f 948/1546/1 951/2723/1 949/2724/1 946/1540/1
f 947/2725/2 948/2726/2 946/2727/2 945/2728/2
f 952/2729/3 947/2730/3 945/2731/3 950/1551/3
f 951/2732/4 952/2733/4 950/2730/4 949/2729/4
f 950/2734/5 945/2735/5 946/2736/5 949/2737/5
f 951/2738/6 948/2739/6 947/2740/6 952/2741/6
f 956/2742/1 959/2742/1 957/2462/1 954/2462/1
f 955/707/2 956/2743/2 954/1905/2 953/1900/2
f 960/2742/3 955/2742/3 953/2462/3 958/2462/3
f 959/2743/4 960/2744/4 958/2745/4 957/1905/4
f 958/2462/147 953/2462/147 954/2746/147 957/2746/147
f 959/2746/147 956/2746/147 955/2462/147 960/2462/147
f 964/2747/1 967/2748/1 965/2749/1 962/2750/1
f 963/424/2 964/423/2 962/2751/2 961/2676/2
f 968/2752/3 963/2753/3 961/2748/3 966/2747/3
f 967/432/4 968/431/4 966/2754/4 965/2755/4
f 966/2756/5 961/2757/5 962/2758/5 965/2759/5
f 967/2760/6 964/2761/6 963/2762/6 968/2763/6
f 972/2764/143 975/2765/143 973/2766/143 970/2767/143
f 971/2768/2 972/2769/2 970/2770/2 969/2771/2
f 976/2772/144 971/2773/144 969/2774/144 974/2775/144
f 975/2776/4 976/2777/4 974/2778/4 973/2779/4
f 974/2780/145 969/2781/145 970/2782/145 973/2783/145
f 975/2784/148 972/2785/148 971/2786/148 976/2787/148
f 980/1657/139 983/2788/139 981/2789/139 978/1658/139
f 979/2790/2 980/2791/2 978/2792/2 977/2793/2
f 984/2794/140 979/2795/140 977/2796/140 982/2797/140
f 983/2798/4 984/2799/4 982/2800/4 981/2801/4
f 982/2802/141 977/2803/141 978/2804/141 981/2805/141
f 983/2806/142 980/2807/142 979/2808/142 984/2809/142
f 988/1679/135 991/2810/135 989/2811/135 986/1680/135
f 987/2812/2 988/2813/2 986/2814/2 985/2815/2
f 992/2816/149 987/2817/149 985/2818/149 990/2819/149
f 991/2820/4 992/2821/4 990/2822/4 989/2823/4
f 990/2824/137 985/2825/137 986/2826/137 989/2827/137
f 991/2828/150 988/2829/150 987/2830/150 992/2831/150
f 996/2832/131 999/2833/131 997/2834/131 994/2835/131
f 995/2836/2 996/2837/2 994/2838/2 993/2839/2
f 1000/2840/132 995/2841/132 993/2842/132 998/2843/132
f 999/2844/4 1000/2845/4 998/2846/4 997/2847/4
f 998/2848/133 993/2849/133 994/2850/133 997/2851/133
f 999/2852/134 996/2853/134 995/2854/134 1000/2855/134
f 1004/2856/1 1007/2857/1 1005/2500/1 1002/323/1
f 1003/2858/2 1004/2859/2 1002/2857/2 1001/2856/2
f 1008/2860/3 1003/2861/3 1001/2859/3 1006/2858/3
f 1007/172/4 1008/171/4 1006/2861/4 1005/2860/4
f 1006/2862/5 1001/2863/5 1002/2864/5 1005/2865/5
f 1007/2866/6 1004/2867/6 1003/2868/6 1008/2869/6
f 1012/1547/1 1015/2870/1 1013/2871/1 1010/1546/1
f 1011/2872/2 1012/2873/2 1010/2874/2 1009/2875/2
f 1016/2876/3 1011/2877/3 1009/2878/3 1014/2879/3
f 1015/2880/4 1016/2881/4 1014/2882/4 1013/2883/4
f 1014/2884/5 1009/1916/5 1010/1913/5 1013/2885/5
f 1015/2886/6 1012/2887/6 1011/2686/6 1016/2631/6
f 1020/2888/21 1023/2889/21 1021/2729/21 1018/2890/21
f 1019/2891/2 1020/2892/2 1018/2893/2 1017/2894/2
f 1024/2895/76 1019/2896/76 1017/2732/76 1022/2897/76
f 1023/2898/4 1024/2899/4 1022/2900/4 1021/2901/4
f 1022/2902/91 1017/2903/91 1018/2904/91 1021/2905/91
f 1023/2906/151 1020/2907/151 1019/2908/151 1024/2909/151
f 1028/2910/152 1031/2911/152 1029/2912/152 1026/2913/152
f 1027/2914/2 1028/2915/2 1026/2916/2 1025/2917/2
f 1032/2918/30 1027/2919/30 1025/2920/30 1030/2921/30
f 1031/2922/4 1032/2923/4 1030/2924/4 1029/2925/4
f 1030/2926/31 1025/2927/31 1026/2928/31 1029/2929/31
f 1031/2930/81 1028/2931/81 1027/2932/81 1032/2933/81
f 1036/2934/78 1039/2935/78 1037/2936/78 1034/2937/78
f 1035/2938/2 1036/2939/2 1034/2940/2 1033/2941/2
f 1040/2942/30 1035/2943/30 1033/2944/30 1038/2945/30
f 1039/2946/4 1040/2947/4 1038/2948/4 1037/2949/4
f 1038/2950/80 1033/2951/80 1034/2952/80 1037/2953/80
f 1039/2954/81 1036/2943/81 1035/2944/81 1040/2955/81
f 1044/2956/59 1047/2957/59 1045/2958/59 1042/2959/59
f 1043/2644/2 1044/2960/2 1042/2961/2 1041/2647/2
f 1048/2962/60 1043/2963/60 1041/2964/60 1046/2965/60
f 1047/2966/4 1048/2967/4 1046/2968/4 1045/2969/4
f 1046/2970/153 1041/2971/153 1042/2972/153 1045/2973/153
f 1047/2942/62 1044/2963/62 1043/2964/62 1048/2945/62
f 1052/2974/154 1055/2975/154 1053/2976/154 1050/2977/154
f 1051/2978/2 1052/2979/2 1050/2980/2 1049/2981/2
f 1056/2982/26 1051/2983/26 1049/2984/26 1054/2985/26
f 1055/2986/4 1056/2987/4 1054/2988/4 1053/2989/4
f 1054/2990/27 1049/2991/27 1050/2992/27 1053/2993/27
f 1055/2994/28 1052/2995/28 1051/2996/28 1056/2997/28
f 1060/2998/1 1063/2999/1 1061/3000/1 1058/3001/1
f 1059/3002/2 1060/3003/2 1058/3004/2 1057/3005/2
f 1064/3006/3 1059/3007/3 1057/3008/3 1062/3009/3
f 1063/3010/4 1064/3011/4 1062/3012/4 1061/3013/4
f 1062/3014/5 1057/3015/5 1058/3016/5 1061/3017/5
f 1063/3018/6 1060/3019/6 1059/3020/6 1064/3021/6
f 1068/3022/155 1071/3023/155 1069/3024/155 1066/3025/155
f 1067/3003/2 1068/3026/2 1066/3027/2 1065/3004/2
f 1072/3028/64 1067/1858/64 1065/1861/64 1070/3029/64
f 1071/3030/4 1072/3031/4 1070/3032/4 1069/3033/4
f 1070/1869/65 1065/3034/65 1066/3035/65 1069/1866/65
f 1071/3036/66 1068/3037/66 1067/3038/66 1072/3039/66
f 1076/3040/59 1079/3041/59 1077/3042/59 1074/3043/59
f 1075/3044/2 1076/3045/2 1074/3046/2 1073/3047/2
f 1080/3048/60 1075/3049/60 1073/3050/60 1078/3051/60
f 1079/3052/4 1080/3053/4 1078/3054/4 1077/3055/4
f 1078/3056/61 1073/3057/61 1074/3058/61 1077/3059/61
f 1079/3060/156 1076/3061/156 1075/3062/156 1080/3063/156
f 1084/3064/85 1087/3065/85 1085/3066/85 1082/3067/85
f 1083/3068/2 1084/3069/2 1082/3070/2 1081/3071/2
f 1088/3072/157 1083/3073/157 1081/3074/157 1086/3075/157
f 1087/3076/4 1088/3077/4 1086/3078/4 1085/3079/4
f 1086/3080/69 1081/3081/69 1082/3082/69 1085/3083/69
f 1087/3084/89 1084/3085/89 1083/149/89 1088/153/89
f 1092/2649/85 1095/3086/85 1093/3087/85 1090/2650/85
f 1091/3088/2 1092/3089/2 1090/3090/2 1089/3091/2
f 1096/3092/157 1091/3093/157 1089/3094/157 1094/3095/157
f 1095/3096/4 1096/3097/4 1094/3098/4 1093/3099/4
f 1094/3100/69 1089/2658/69 1090/2657/69 1093/3101/69
f 1095/2966/70 1092/3093/70 1091/3094/70 1096/2969/70
f 1100/3102/158 1103/3103/158 1101/3104/158 1098/3105/158
f 1099/3106/2 1100/3107/2 1098/3108/2 1097/3109/2
f 1104/2954/22 1099/3110/22 1097/3111/22 1102/2955/22
f 1103/3112/4 1104/3113/4 1102/3114/4 1101/3115/4
f 1102/3116/91 1097/3117/91 1098/3118/91 1101/3119/91
f 1103/3092/151 1100/3110/151 1099/3111/151 1104/3095/151
f 1108/3120/159 1111/3121/159 1109/3122/159 1106/3123/159
f 1107/3124/2 1108/3125/2 1106/3126/2 1105/3127/2
f 1112/3084/160 1107/3128/160 1105/3129/160 1110/153/160
f 1111/3130/4 1112/3131/4 1110/3132/4 1109/3133/4
f 1110/3134/161 1105/3135/161 1106/3136/161 1109/3137/161
f 1111/3138/162 1108/3128/162 1107/3129/162 1112/3139/162
f 1116/3140/87 1119/3141/87 1117/3142/87 1114/3143/87
f 1115/3144/2 1116/3145/2 1114/3146/2 1113/3147/2
f 1120/3138/95 1115/3148/95 1113/1919/95 1118/3139/95
f 1119/3149/4 1120/3150/4 1118/3151/4 1117/3152/4
f 1118/3153/71 1113/3154/71 1114/3155/71 1117/3156/71
f 1119/3157/86 1116/3148/86 1115/1919/86 1120/1925/86
f 1124/3158/1 1127/3159/1 1125/3160/1 1122/3161/1
f 1123/3162/2 1124/3163/2 1122/3164/2 1121/3165/2
f 1128/3166/3 1123/3167/3 1121/3168/3 1126/1945/3
f 1127/3169/4 1128/3170/4 1126/3171/4 1125/3172/4
f 1126/3173/5 1121/3174/5 1122/3175/5 1125/3176/5
f 1127/3177/6 1124/3167/6 1123/3168/6 1128/3178/6
f 1132/3179/1 1135/3180/1 1133/3181/1 1130/3182/1
f 1131/3183/2 1132/3184/2 1130/3185/2 1129/3186/2
f 1136/3187/3 1131/3188/3 1129/3189/3 1134/3190/3
f 1135/3191/4 1136/3192/4 1134/3193/4 1133/3194/4
f 1134/3195/5 1129/1531/5 1130/1528/5 1133/3196/5
f 1135/3197/6 1132/3188/6 1131/3189/6 1136/2728/6
f 1140/3198/1 1143/3199/1 1141/3200/1 1138/3201/1
f 1139/3202/2 1140/3162/2 1138/3165/2 1137/3203/2
f 1144/3157/3 1139/3204/3 1137/1939/3 1142/1925/3
f 1143/3205/4 1144/3206/4 1142/3207/4 1141/3208/4
f 1142/3209/5 1137/3210/5 1138/3211/5 1141/3212/5
f 1143/3166/6 1140/3204/6 1139/1939/6 1144/1945/6
f 1148/3213/1 1151/3214/1 1149/3215/1 1146/3216/1
f 1147/2667/2 1148/317/2 1146/320/2 1145/1943/2
f 1152/3177/3 1147/3187/3 1145/3190/3 1150/3178/3
f 1151/3217/4 1152/3218/4 1150/3219/4 1149/3220/4
f 1150/3221/5 1145/3222/5 1146/3223/5 1149/3224/5
f 1151/1882/6 1148/3225/6 1147/3223/6 1152/3224/6
f 1156/3226/1 1159/433/1 1157/436/1 1154/2752/1
f 1155/3227/2 1156/3228/2 1154/3229/2 1153/3230/2
f 1160/3231/3 1155/3232/3 1153/3233/3 1158/3234/3
f 1159/3235/4 1160/3236/4 1158/3237/4 1157/3238/4
f 1158/3239/5 1153/3240/5 1154/3241/5 1157/3242/5
f 1159/3243/6 1156/3244/6 1155/3245/6 1160/3246/6
f 1164/3247/1 1167/3248/1 1165/40/1 1162/3249/1
f 1163/3250/2 1164/3249/2 1162/3220/2 1161/3221/2
f 1168/2694/3 1163/2860/3 1161/3251/3 1166/51/3
f 1167/3252/4 1168/3247/4 1166/3249/4 1165/3250/4
f 1166/2487/5 1161/3252/5 1162/1885/5 1165/3253/5
f 1167/3254/6 1164/3255/6 1163/3225/6 1168/1882/6
f 1172/3256/1 1175/3257/1 1173/3254/1 1170/3255/1
f 1171/3258/2 1172/3259/2 1170/3260/2 1169/3261/2
f 1176/3262/3 1171/3263/3 1169/45/3 1174/1884/3
f 1175/3264/4 1176/3265/4 1174/3266/4 1173/3267/4
f 1174/3268/5 1169/2732/5 1170/2896/5 1173/3269/5
f 1175/3270/6 1172/2905/6 1171/2902/6 1176/3271/6
f 1180/3272/1 1183/3273/1 1181/3274/1 1178/3275/1
f 1179/3276/2 1180/3277/2 1178/3278/2 1177/3279/2
f 1184/3273/3 1179/221/3 1177/3280/3 1182/3274/3
f 1183/3281/4 1184/3282/4 1182/3283/4 1181/3284/4
f 1182/3285/5 1177/2909/5 1178/2906/5 1181/3286/5
f 1183/3287/6 1180/2911/6 1179/2912/6 1184/3288/6
f 1188/2919/1 1191/3289/1 1189/3290/1 1186/2920/1
f 1187/3011/2 1188/2595/2 1186/2598/2 1185/3012/2
f 1192/2929/3 1187/3291/3 1185/3292/3 1190/2926/3
f 1191/3293/4 1192/3294/4 1190/3295/4 1189/3296/4
f 1190/3297/5 1185/2933/5 1186/2930/5 1189/3298/5
f 1191/1/6 1188/2975/6 1187/2976/6 1192/4/6
f 1196/3299/37 1199/449/37 1197/452/37 1194/3300/37
f 1195/3301/2 1196/3302/2 1194/3303/2 1193/3304/2
f 1200/3305/38 1195/453/38 1193/456/38 1198/3306/38
f 1199/3307/4 1200/3308/4 1198/3309/4 1197/3227/4
f 1198/460/39 1193/3310/39 1194/3311/39 1197/457/39
f 1199/66/40 1196/3312/40 1195/3313/40 1200/67/40
f 1204/3314/103 1207/3315/103 1205/3316/103 1202/2691/103
f 1203/3317/2 1204/3318/2 1202/3319/2 1201/3320/2
f 1208/3321/104 1203/279/104 1201/3322/104 1206/2633/104
f 1207/3323/4 1208/3324/4 1206/3325/4 1205/3326/4
f 1206/12/163 1201/2984/163 1202/2983/163 1205/9/163
f 1207/19/106 1204/2993/106 1203/2990/106 1208/18/106
f 1212/3327/99 1215/3328/99 1213/283/99 1210/2632/99
f 1211/3329/2 1212/3330/2 1210/3331/2 1209/3332/2
f 1216/3333/100 1211/2652/100 1209/2883/100 1214/3334/100
f 1215/3335/4 1216/3336/4 1214/3337/4 1213/3338/4
f 1214/23/164 1209/2997/164 1210/2994/164 1213/22/164
f 1215/2696/102 1212/2999/102 1211/3000/102 1216/2695/102
f 1220/3339/1 1223/3340/1 1221/3341/1 1218/3342/1
f 1219/3343/2 1220/3344/2 1218/3345/2 1217/3346/2
f 1224/3007/3 1219/2668/3 1217/2669/3 1222/3008/3
f 1223/3294/4 1224/3347/4 1222/3348/4 1221/3295/4
f 1222/3349/5 1217/3341/5 1218/3340/5 1221/3350/5
f 1223/3351/6 1220/3017/6 1219/3014/6 1224/2750/6
f 1228/3350/165 1231/3352/165 1229/3353/165 1226/3349/165
f 1227/3354/2 1228/3355/2 1226/3356/2 1225/3357/2
f 1232/3018/3 1227/3358/3 1225/2747/3 1230/3021/3
f 1231/3359/4 1232/3360/4 1230/3361/4 1229/3362/4
f 1230/1833/5 1225/3353/5 1226/3352/5 1229/1830/5
f 1231/3226/6 1228/3023/6 1227/3024/6 1232/2752/6
f 1236/3036/1 1239/3305/1 1237/3306/1 1234/3039/1
f 1235/3363/2 1236/3364/2 1234/3365/2 1233/3366/2
f 1240/3041/3 1235/3311/3 1233/3310/3 1238/3042/3
f 1239/3367/4 1240/3368/4 1238/3369/4 1237/3370/4
f 1238/3371/5 1233/3372/5 1234/3373/5 1237/3374/5
f 1239/63/6 1236/3049/6 1235/3050/6 1240/62/6
f 1244/3375/1 1247/3376/1 1245/3377/1 1242/3378/1
f 1243/3379/2 1244/3380/2 1242/3381/2 1241/3382/2
f 1248/3383/3 1243/3384/3 1241/3385/3 1246/3386/3
f 1247/3387/4 1248/3388/4 1246/3389/4 1245/3390/4
f 1246/3391/5 1241/3392/5 1242/3393/5 1245/3394/5
f 1247/3395/6 1244/3384/6 1243/3385/6 1248/3396/6
f 1252/3397/1 1255/442/1 1253/443/1 1250/3398/1
f 1251/3399/2 1252/3400/2 1250/3401/2 1249/3402/2
f 1256/3232/3 1251/3403/3 1249/3404/3 1254/3233/3
f 1255/3395/4 1256/3405/4 1254/3406/4 1253/3396/4
f 1254/3407/5 1249/3408/5 1250/3409/5 1253/3410/5
f 1255/3383/6 1252/3411/6 1251/3412/6 1256/3386/6
f 1260/3374/1 1263/3413/1 1261/3414/1 1258/3371/1
f 1259/3415/2 1260/3416/2 1258/3417/2 1257/3418/2
f 1264/3059/3 1259/69/3 1257/72/3 1262/3056/3
f 1263/3419/4 1264/3304/4 1262/3420/4 1261/3421/4
f 1262/3422/5 1257/3414/5 1258/3413/5 1261/3423/5
f 1263/77/6 1260/3060/6 1259/3063/6 1264/80/6
f 1268/3423/111 1271/3424/111 1269/3425/111 1266/3422/111
f 1267/3206/2 1268/3426/2 1266/3427/2 1265/3207/2
f 1272/3065/112 1267/87/112 1265/86/112 1270/3066/112
f 1271/3428/4 1272/3303/4 1270/3429/4 1269/3430/4
f 1270/3431/166 1265/3425/166 1266/3424/166 1269/3432/166
f 1271/93/114 1268/3073/114 1267/3074/114 1272/96/114
f 1276/3432/167 1279/3433/167 1277/3434/167 1274/3431/167
f 1275/3435/2 1276/3436/2 1274/3437/2 1273/3438/2
f 1280/3083/168 1275/101/168 1273/104/168 1278/3080/168
f 1279/3439/4 1280/3440/4 1278/3441/4 1277/3442/4
f 1278/3443/169 1273/3434/169 1274/3433/169 1277/3444/169
f 1279/111/170 1276/3121/170 1275/3122/170 1280/110/170
f 1284/2969/77 1287/2949/77 1285/3445/77 1282/2640/77
f 1283/3446/2 1284/3447/2 1282/3448/2 1281/3449/2
f 1288/3450/28 1283/3109/28 1281/2941/28 1286/3451/28
f 1287/2504/4 1288/2503/4 1286/3447/4 1285/3446/4
f 1286/3452/26 1281/3453/26 1282/3308/26 1285/3454/26
f 1287/3455/25 1284/3456/25 1283/3457/25 1288/3458/25
f 1292/2949/66 1295/3115/66 1293/2735/66 1290/3445/66
f 1291/3459/2 1292/3460/2 1290/3461/2 1289/3462/2
f 1296/2740/65 1291/3091/65 1289/3109/65 1294/3450/65
f 1295/3463/4 1296/3464/4 1294/3465/4 1293/3458/4
f 1294/3466/63 1289/3459/63 1290/3467/63 1293/3468/63
f 1295/3469/64 1292/3470/64 1291/3471/64 1296/3472/64
f 1300/3473/40 1303/3474/40 1301/3475/40 1298/3476/40
f 1299/3477/2 1300/3478/2 1298/3479/2 1297/3480/2
f 1304/3212/39 1299/183/39 1297/182/39 1302/3209/39
f 1303/3481/4 1304/3482/4 1302/3483/4 1301/3484/4
f 1302/3485/37 1297/3475/37 1298/3474/37 1301/3486/37
f 1303/189/38 1300/3159/38 1299/3160/38 1304/192/38
f 1308/3486/40 1311/3487/40 1309/3488/40 1306/3485/40
f 1307/3489/2 1308/3490/2 1306/3491/2 1305/3492/2
f 1312/3176/39 1307/197/39 1305/200/39 1310/3173/39
f 1311/3493/4 1312/3494/4 1310/3495/4 1309/3496/4
f 1310/3497/37 1305/3488/37 1306/3487/37 1309/3498/37
f 1311/207/38 1308/3214/38 1307/3215/38 1312/206/38
f 1316/3498/127 1319/3499/127 1317/3500/127 1314/3497/127
f 1315/3501/2 1316/3502/2 1314/3503/2 1313/3504/2
f 1320/3180/171 1315/231/171 1313/230/171 1318/3181/171
f 1319/3505/4 1320/3506/4 1318/3507/4 1317/3508/4
f 1318/3509/172 1313/3500/172 1314/3499/172 1317/3510/172
f 1319/237/173 1316/3196/173 1315/3195/173 1320/240/173
f 1324/3510/123 1327/3511/123 1325/2725/123 1322/3509/123
f 1323/3512/2 1324/3513/2 1322/3514/2 1321/3515/2
f 1328/3516/174 1323/245/174 1321/248/174 1326/3517/174
f 1327/3518/4 1328/3519/4 1326/3520/4 1325/3521/4
f 1326/3522/175 1321/2725/175 1322/3511/175 1325/3523/175
f 1327/255/176 1324/2870/176 1323/2871/176 1328/254/176
f 1332/3523/1 1335/3524/1 1333/3525/1 1330/3522/1
f 1331/3526/2 1332/3527/2 1330/3528/2 1329/3529/2
f 1336/2877/3 1331/285/3 1329/288/3 1334/2878/3
f 1335/3530/4 1336/3531/4 1334/3532/4 1333/3533/4
f 1334/296/5 1329/3525/5 1330/3524/5 1333/293/5
f 1335/303/6 1332/3534/6 1331/3535/6 1336/302/6
f 1340/3536/1 1343/306/1 1341/307/1 1338/3537/1
f 1339/3538/2 1340/3539/2 1338/3540/2 1337/3541/2
f 1344/3269/3 1339/337/3 1337/340/3 1342/3268/3
f 1343/3542/4 1344/3543/4 1342/3544/4 1341/3545/4
f 1342/348/5 1337/3271/5 1338/3270/5 1341/345/5
f 1343/361/6 1340/3286/6 1339/3285/6 1344/364/6
f 1348/3287/1 1351/369/1 1349/372/1 1346/3288/1
f 1347/3546/2 1348/3547/2 1346/3548/2 1345/3549/2
f 1352/3289/3 1347/381/3 1345/384/3 1350/3290/3
f 1351/3550/4 1352/3551/4 1350/3552/4 1349/3553/4
f 1350/388/5 1345/3292/5 1346/3291/5 1349/385/5
f 1351/389/6 1348/3298/6 1347/3297/6 1352/392/6
