# Blender 4.3.0
# www.blender.org
mtllib uchigatana_1.mtl
o cube.075
v 0.456087 2.246366 0.710832
v 0.456087 2.237401 0.789385
v 0.456087 0.590787 0.521876
v 0.456087 0.581821 0.600428
v 0.469837 2.237401 0.789385
v 0.469837 2.246366 0.710832
v 0.469837 0.581821 0.600428
v 0.469837 0.590787 0.521876
v 0.453939 0.652796 0.527245
v 0.453939 0.643441 0.609212
v 0.453939 0.583636 0.519352
v 0.453939 0.574280 0.601320
v 0.471126 0.643441 0.609212
v 0.471126 0.652796 0.527245
v 0.471126 0.574280 0.601320
v 0.471126 0.583636 0.519352
v 0.455881 2.282002 0.784086
v 0.455881 2.268606 0.792616
v 0.455881 2.244851 0.725748
v 0.455881 2.231456 0.734279
v 0.470043 2.268606 0.792616
v 0.470043 2.282002 0.784086
v 0.470043 2.231456 0.734279
v 0.470043 2.244851 0.725748
v 0.455915 2.299854 0.794507
v 0.455915 2.296664 0.796537
v 0.455915 2.295994 0.788446
v 0.455915 2.292805 0.790478
v 0.470009 2.296664 0.796537
v 0.470009 2.299854 0.794507
v 0.470009 2.292805 0.790478
v 0.470009 2.295994 0.788446
v 0.456087 2.266917 0.782374
v 0.456087 2.265748 0.792620
v 0.456087 2.250182 0.780464
v 0.456087 2.249012 0.790710
v 0.469837 2.265748 0.792620
v 0.469837 2.266917 0.782374
v 0.469837 2.249012 0.790710
v 0.469837 2.250182 0.780464
v 0.456018 2.252518 0.776572
v 0.456018 2.233556 0.788647
v 0.456018 2.240628 0.757900
v 0.456018 2.221664 0.769975
v 0.469906 2.233556 0.788647
v 0.469906 2.252518 0.776572
v 0.469906 2.221664 0.769975
v 0.469906 2.240628 0.757900
v 0.455812 2.293519 0.785133
v 0.455812 2.292287 0.795927
v 0.455812 2.257112 0.780978
v 0.455812 2.255880 0.791772
v 0.470112 2.292287 0.795927
v 0.470112 2.293519 0.785133
v 0.470112 2.255880 0.791772
v 0.470112 2.257112 0.780978
v 0.455949 2.267606 0.783742
v 0.455949 2.255776 0.791275
v 0.455949 2.240869 0.741756
v 0.455949 2.229040 0.749290
v 0.469974 2.255776 0.791275
v 0.469974 2.267606 0.783742
v 0.469974 2.229040 0.749290
v 0.469974 2.240869 0.741756
v 0.455915 2.297140 0.793435
v 0.455915 2.296808 0.796340
v 0.455915 2.292187 0.792870
v 0.455915 2.291856 0.795774
v 0.470009 2.296808 0.796340
v 0.470009 2.297140 0.793435
v 0.470009 2.291856 0.795774
v 0.470009 2.292187 0.792870
v 0.455812 2.296138 0.788479
v 0.455812 2.286975 0.794313
v 0.455812 2.246451 0.710453
v 0.455812 2.237288 0.716287
v 0.470112 2.286975 0.794313
v 0.470112 2.296138 0.788479
v 0.470112 2.237288 0.716287
v 0.470112 2.246451 0.710453
v 0.456018 2.250453 0.778696
v 0.456018 2.249073 0.790786
v 0.456018 2.234435 0.776868
v 0.456018 2.233056 0.788958
v 0.469906 2.249073 0.790786
v 0.469906 2.250453 0.778696
v 0.469906 2.233056 0.788958
v 0.469906 2.234435 0.776868
v 0.455915 2.296617 0.790435
v 0.455915 2.296285 0.793338
v 0.455915 2.292519 0.789967
v 0.455915 2.292187 0.792870
v 0.470009 2.296285 0.793338
v 0.470009 2.296617 0.790435
v 0.470009 2.292187 0.792870
v 0.470009 2.292519 0.789967
v 0.440189 0.594830 0.501601
v 0.440189 0.581187 0.621137
v 0.440189 0.571778 0.498970
v 0.440189 0.558135 0.618505
v 0.484876 0.581187 0.621137
v 0.484876 0.594830 0.501601
v 0.484876 0.558135 0.618505
v 0.484876 0.571778 0.498970
v 0.439914 0.590420 0.618454
v 0.439914 0.589968 0.622416
v 0.439914 0.580481 0.617319
v 0.439914 0.580029 0.621281
v 0.485151 0.589968 0.622416
v 0.485151 0.590420 0.618454
v 0.485151 0.580029 0.621281
v 0.485151 0.580481 0.617319
v 0.439914 0.603673 0.502333
v 0.439914 0.603221 0.506295
v 0.439914 0.593734 0.501198
v 0.439914 0.593282 0.505160
v 0.485151 0.603221 0.506295
v 0.485151 0.603673 0.502333
v 0.485151 0.593282 0.505160
v 0.485151 0.593734 0.501198
v 0.440120 0.590198 0.618746
v 0.440120 0.580036 0.621184
v 0.440120 0.586358 0.602735
v 0.440120 0.576196 0.605172
v 0.447132 0.580036 0.621184
v 0.447132 0.590198 0.618746
v 0.447132 0.576196 0.605172
v 0.447132 0.586358 0.602735
v 0.440051 0.586718 0.604724
v 0.440051 0.576149 0.605370
v 0.440051 0.585394 0.583006
v 0.440051 0.574826 0.583650
v 0.447201 0.576149 0.605370
v 0.447201 0.586718 0.604724
v 0.447201 0.574826 0.583650
v 0.447201 0.585394 0.583006
v 0.439914 0.597046 0.560393
v 0.439914 0.596594 0.564356
v 0.439914 0.589669 0.559550
v 0.439914 0.589217 0.563513
v 0.447339 0.596594 0.564356
v 0.447339 0.597046 0.560393
v 0.447339 0.589217 0.563513
v 0.447339 0.589669 0.559550
v 0.440086 0.590097 0.574450
v 0.440086 0.581130 0.568953
v 0.440086 0.596495 0.564016
v 0.440086 0.587527 0.558520
v 0.447167 0.581130 0.568953
v 0.447167 0.590097 0.574450
v 0.447167 0.587527 0.558520
v 0.447167 0.596495 0.564016
v 0.440017 0.584641 0.588174
v 0.440017 0.574796 0.584094
v 0.440017 0.591024 0.572773
v 0.440017 0.581180 0.568693
v 0.447236 0.574796 0.584094
v 0.447236 0.584641 0.588174
v 0.447236 0.581180 0.568693
v 0.447236 0.591024 0.572773
v 0.439914 0.559682 0.614945
v 0.439914 0.559230 0.618907
v 0.439914 0.549743 0.613812
v 0.439914 0.549291 0.617772
v 0.485151 0.559230 0.618907
v 0.485151 0.559682 0.614945
v 0.485151 0.549291 0.617772
v 0.485151 0.549743 0.613812
v 0.439914 0.572935 0.498824
v 0.439914 0.572483 0.502786
v 0.439914 0.562997 0.497691
v 0.439914 0.562545 0.501651
v 0.485151 0.572483 0.502786
v 0.485151 0.572935 0.498824
v 0.485151 0.562545 0.501651
v 0.485151 0.562997 0.497691
v 0.439914 0.563748 0.556592
v 0.439914 0.563295 0.560555
v 0.439914 0.556370 0.555751
v 0.439914 0.555918 0.559712
v 0.485151 0.563295 0.560555
v 0.485151 0.563748 0.556592
v 0.485151 0.555918 0.559712
v 0.485151 0.556370 0.555751
v 0.440086 0.582155 0.621143
v 0.440086 0.580573 0.635009
v 0.440086 0.557189 0.618293
v 0.440086 0.555607 0.632159
v 0.484979 0.580573 0.635009
v 0.484979 0.582155 0.621143
v 0.484979 0.555607 0.632159
v 0.484979 0.557189 0.618293
v 0.440086 0.597358 0.487946
v 0.440086 0.595775 0.501812
v 0.440086 0.572392 0.485096
v 0.440086 0.570809 0.498962
v 0.484979 0.595775 0.501812
v 0.484979 0.597358 0.487946
v 0.484979 0.570809 0.498962
v 0.484979 0.572392 0.485096
v 0.440189 0.586515 0.626146
v 0.440189 0.583826 0.624006
v 0.440189 0.589726 0.622111
v 0.440189 0.587036 0.619971
v 0.484876 0.583826 0.624006
v 0.484876 0.586515 0.626146
v 0.484876 0.587036 0.619971
v 0.484876 0.589726 0.622111
v 0.440189 0.569464 0.621039
v 0.440189 0.580482 0.634896
v 0.440189 0.555608 0.632056
v 0.440189 0.566625 0.645912
v 0.484876 0.580482 0.634896
v 0.484876 0.569464 0.621039
v 0.484876 0.566625 0.645912
v 0.484876 0.555608 0.632056
v 0.440189 0.586226 0.474180
v 0.440189 0.597244 0.488036
v 0.440189 0.572369 0.485198
v 0.440189 0.583387 0.499055
v 0.484876 0.597244 0.488036
v 0.484876 0.586226 0.474180
v 0.484876 0.583387 0.499055
v 0.484876 0.572369 0.485198
v 0.440189 0.581228 0.629016
v 0.440189 0.579589 0.625995
v 0.440189 0.586515 0.626146
v 0.440189 0.584876 0.623126
v 0.484876 0.579589 0.625995
v 0.484876 0.581228 0.629016
v 0.484876 0.584876 0.623126
v 0.484876 0.586515 0.626146
v 0.440189 0.594367 0.496508
v 0.440189 0.596645 0.493934
v 0.440189 0.598872 0.500495
v 0.440189 0.601150 0.497920
v 0.484876 0.596645 0.493934
v 0.484876 0.594367 0.496508
v 0.484876 0.601150 0.497920
v 0.484876 0.598872 0.500495
v 0.440189 0.598047 0.499400
v 0.440189 0.601150 0.497920
v 0.440189 0.600266 0.504055
v 0.440189 0.603369 0.502575
v 0.484876 0.601150 0.497920
v 0.484876 0.598047 0.499400
v 0.484876 0.603369 0.502575
v 0.484876 0.600266 0.504055
v 0.440189 0.568089 0.496982
v 0.440189 0.566449 0.493960
v 0.440189 0.573376 0.494113
v 0.440189 0.571737 0.491090
v 0.484876 0.566449 0.493960
v 0.484876 0.568089 0.496982
v 0.484876 0.571737 0.491090
v 0.484876 0.573376 0.494113
v 0.440189 0.565929 0.500136
v 0.440189 0.563239 0.497995
v 0.440189 0.569139 0.496101
v 0.440189 0.566449 0.493960
v 0.484876 0.563239 0.497995
v 0.484876 0.565929 0.500136
v 0.484876 0.566449 0.493960
v 0.484876 0.569139 0.496101
v 0.440189 0.549596 0.617531
v 0.440189 0.552699 0.616052
v 0.440189 0.551814 0.622185
v 0.440189 0.554917 0.620707
v 0.484876 0.552699 0.616052
v 0.484876 0.549596 0.617531
v 0.484876 0.554917 0.620707
v 0.484876 0.551814 0.622185
v 0.440189 0.551814 0.622185
v 0.440189 0.554093 0.619612
v 0.440189 0.556319 0.626173
v 0.440189 0.558597 0.623598
v 0.484876 0.554093 0.619612
v 0.484876 0.551814 0.622185
v 0.484876 0.558597 0.623598
v 0.484876 0.556319 0.626173
v 0.440017 0.580257 0.536249
v 0.440017 0.590768 0.534493
v 0.440017 0.583006 0.552694
v 0.440017 0.593516 0.550936
v 0.447236 0.590768 0.534493
v 0.447236 0.580257 0.536249
v 0.447236 0.593516 0.550936
v 0.447236 0.583006 0.552694
v 0.440086 0.583016 0.552430
v 0.440086 0.592991 0.549095
v 0.440086 0.586898 0.564037
v 0.440086 0.596873 0.560700
v 0.447167 0.592991 0.549095
v 0.447167 0.583016 0.552430
v 0.447167 0.596873 0.560700
v 0.447167 0.586898 0.564037
v 0.440051 0.586369 0.515827
v 0.440051 0.596520 0.518837
v 0.440051 0.580186 0.536689
v 0.440051 0.590337 0.539699
v 0.447201 0.596520 0.518837
v 0.447201 0.586369 0.515827
v 0.447201 0.590337 0.539699
v 0.447201 0.580186 0.536689
v 0.440120 0.593720 0.501295
v 0.440120 0.603072 0.505959
v 0.440120 0.586370 0.516029
v 0.440120 0.595722 0.520694
v 0.447132 0.603072 0.505959
v 0.447132 0.593720 0.501295
v 0.447132 0.595722 0.520694
v 0.447132 0.586370 0.516029
v 0.440120 0.576768 0.514932
v 0.440120 0.566607 0.517370
v 0.440120 0.572927 0.498921
v 0.440120 0.562766 0.501359
v 0.484945 0.566607 0.517370
v 0.484945 0.576768 0.514932
v 0.484945 0.562766 0.501359
v 0.484945 0.572927 0.498921
v 0.440051 0.578139 0.536455
v 0.440051 0.567571 0.537100
v 0.440051 0.576815 0.514736
v 0.440051 0.566247 0.515381
v 0.485014 0.567571 0.537100
v 0.485014 0.578139 0.536455
v 0.485014 0.566247 0.515381
v 0.485014 0.576815 0.514736
v 0.440086 0.565438 0.561587
v 0.440086 0.556471 0.556089
v 0.440086 0.571834 0.551154
v 0.440086 0.562866 0.545656
v 0.484979 0.556471 0.556089
v 0.484979 0.565438 0.561587
v 0.484979 0.562866 0.545656
v 0.484979 0.571834 0.551154
v 0.440017 0.571785 0.551412
v 0.440017 0.561941 0.547332
v 0.440017 0.578168 0.536011
v 0.440017 0.568324 0.531931
v 0.485048 0.561941 0.547332
v 0.485048 0.571785 0.551412
v 0.485048 0.568324 0.531931
v 0.485048 0.578168 0.536011
v 0.440086 0.556092 0.559406
v 0.440086 0.566068 0.556071
v 0.440086 0.559972 0.571012
v 0.440086 0.569949 0.567677
v 0.484979 0.566068 0.556071
v 0.484979 0.556092 0.559406
v 0.484979 0.569949 0.567677
v 0.484979 0.559972 0.571012
v 0.440017 0.559449 0.569170
v 0.440017 0.569959 0.567413
v 0.440017 0.562197 0.585614
v 0.440017 0.572708 0.583856
v 0.485048 0.569959 0.567413
v 0.485048 0.559449 0.569170
v 0.485048 0.572708 0.583856
v 0.485048 0.562197 0.585614
v 0.440051 0.562628 0.580407
v 0.440051 0.572779 0.583416
v 0.440051 0.556444 0.601271
v 0.440051 0.566595 0.604279
v 0.485014 0.572779 0.583416
v 0.485014 0.562628 0.580407
v 0.485014 0.566595 0.604279
v 0.485014 0.556444 0.601271
v 0.440120 0.557243 0.599413
v 0.440120 0.566594 0.604077
v 0.440120 0.549893 0.614146
v 0.440120 0.559244 0.618812
v 0.484945 0.566594 0.604077
v 0.484945 0.557243 0.599413
v 0.484945 0.559244 0.618812
v 0.484945 0.549893 0.614146
v 0.441048 0.552474 0.579410
v 0.441048 0.562362 0.582340
v 0.441048 0.547345 0.596712
v 0.441048 0.557233 0.599642
v 0.484016 0.562362 0.582340
v 0.484016 0.552474 0.579410
v 0.484016 0.557233 0.599642
v 0.484016 0.547345 0.596712
v 0.440945 0.549282 0.568056
v 0.440945 0.559657 0.566323
v 0.440945 0.552008 0.584364
v 0.440945 0.562382 0.582630
v 0.484120 0.559657 0.566323
v 0.484120 0.549282 0.568056
v 0.484120 0.562382 0.582630
v 0.484120 0.552008 0.584364
v 0.441048 0.545976 0.558302
v 0.441048 0.555756 0.555031
v 0.441048 0.549792 0.569712
v 0.441048 0.559572 0.566441
v 0.484016 0.555756 0.555031
v 0.484016 0.545976 0.558302
v 0.484016 0.559572 0.566441
v 0.484016 0.549792 0.569712
v 0.440876 0.553387 0.555514
v 0.440876 0.552958 0.559271
v 0.440876 0.546215 0.554694
v 0.440876 0.545786 0.558453
v 0.484189 0.552958 0.559271
v 0.484189 0.553387 0.555514
v 0.484189 0.545786 0.558453
v 0.484189 0.546215 0.554694
v 0.441048 0.555157 0.560276
v 0.441048 0.546366 0.554886
v 0.441048 0.561446 0.550017
v 0.441048 0.552655 0.544629
v 0.484016 0.546366 0.554886
v 0.484016 0.555157 0.560276
v 0.484016 0.552655 0.544629
v 0.484016 0.561446 0.550017
v 0.440945 0.561502 0.550154
v 0.440945 0.551784 0.546127
v 0.440945 0.567832 0.534880
v 0.440945 0.558115 0.530852
v 0.484120 0.551784 0.546127
v 0.484120 0.561502 0.550154
v 0.484120 0.558115 0.530852
v 0.484120 0.567832 0.534880
v 0.441048 0.567747 0.535158
v 0.441048 0.557454 0.535785
v 0.441048 0.566649 0.517144
v 0.441048 0.556355 0.517772
v 0.484016 0.557454 0.535785
v 0.484016 0.567747 0.535158
v 0.484016 0.556355 0.517772
v 0.484016 0.566649 0.517144
v 0.439914 0.589767 0.558697
v 0.439914 0.589120 0.564366
v 0.439914 0.585805 0.558246
v 0.439914 0.585158 0.563914
v 0.447339 0.589120 0.564366
v 0.447339 0.589767 0.558697
v 0.447339 0.585158 0.563914
v 0.447339 0.585805 0.558246
v 0.439914 0.567806 0.556192
v 0.439914 0.567159 0.561861
v 0.439914 0.563845 0.555739
v 0.439914 0.563198 0.561408
v 0.485151 0.567159 0.561861
v 0.485151 0.567806 0.556192
v 0.485151 0.563198 0.561408
v 0.485151 0.563845 0.555739
v 0.440189 0.557280 0.618408
v 0.440189 0.556793 0.622677
v 0.440189 0.553011 0.617920
v 0.440189 0.552524 0.622189
v 0.484876 0.556793 0.622677
v 0.484876 0.557280 0.618408
v 0.484876 0.552524 0.622189
v 0.484876 0.553011 0.617920
v 0.440189 0.586311 0.621722
v 0.440189 0.585823 0.625990
v 0.440189 0.582041 0.621233
v 0.440189 0.581554 0.625504
v 0.484876 0.585823 0.625990
v 0.484876 0.586311 0.621722
v 0.484876 0.581554 0.625504
v 0.484876 0.582041 0.621233
v 0.440189 0.600441 0.497916
v 0.440189 0.599954 0.502185
v 0.440189 0.596172 0.497428
v 0.440189 0.595684 0.501698
v 0.484876 0.599954 0.502185
v 0.484876 0.600441 0.497916
v 0.484876 0.595684 0.501698
v 0.484876 0.596172 0.497428
v 0.440189 0.571410 0.494603
v 0.440189 0.570923 0.498872
v 0.440189 0.567141 0.494115
v 0.440189 0.566654 0.498384
v 0.484876 0.570923 0.498872
v 0.484876 0.571410 0.494603
v 0.484876 0.566654 0.498384
v 0.484876 0.567141 0.494115
v 0.440876 0.560343 0.598022
v 0.440876 0.559915 0.601779
v 0.440876 0.547194 0.596522
v 0.440876 0.546765 0.600279
v 0.484189 0.559915 0.601779
v 0.484189 0.560343 0.598022
v 0.484189 0.546765 0.600279
v 0.484189 0.547194 0.596522
v 0.440876 0.569743 0.515667
v 0.440876 0.569314 0.519422
v 0.440876 0.556593 0.514165
v 0.440876 0.556165 0.517922
v 0.484189 0.569314 0.519422
v 0.484189 0.569743 0.515667
v 0.484189 0.556165 0.517922
v 0.484189 0.556593 0.514165
v 0.440876 0.557241 0.555088
v 0.440876 0.556617 0.560554
v 0.440876 0.553484 0.554661
v 0.440876 0.552861 0.560124
v 0.484189 0.556617 0.560554
v 0.484189 0.557241 0.555088
v 0.484189 0.552861 0.560124
v 0.484189 0.553484 0.554661
v 0.441048 0.491179 0.535638
v 0.441048 0.504016 0.551781
v 0.441048 0.475035 0.548475
v 0.441048 0.487871 0.564618
v 0.483157 0.504016 0.551781
v 0.483157 0.491179 0.535638
v 0.483157 0.487871 0.564618
v 0.483157 0.475035 0.548475
v 0.441048 0.081340 0.488862
v 0.441048 0.094176 0.505006
v 0.441048 0.065196 0.501698
v 0.441048 0.078033 0.517842
v 0.483157 0.094176 0.505006
v 0.483157 0.081340 0.488862
v 0.483157 0.078033 0.517843
v 0.483157 0.065196 0.501698
v 0.477932 0.590198 0.618746
v 0.477932 0.580036 0.621184
v 0.477932 0.586358 0.602735
v 0.477932 0.576196 0.605172
v 0.484945 0.580036 0.621184
v 0.484945 0.590198 0.618746
v 0.484945 0.576196 0.605172
v 0.484945 0.586358 0.602735
v 0.477864 0.586718 0.604724
v 0.477864 0.576149 0.605370
v 0.477864 0.585394 0.583006
v 0.477864 0.574826 0.583650
v 0.485014 0.576149 0.605370
v 0.485014 0.586718 0.604724
v 0.485014 0.574826 0.583650
v 0.485014 0.585394 0.583006
v 0.477829 0.584641 0.588174
v 0.477829 0.574796 0.584094
v 0.477829 0.591024 0.572773
v 0.477829 0.581180 0.568693
v 0.485048 0.574796 0.584094
v 0.485048 0.584641 0.588174
v 0.485048 0.581180 0.568693
v 0.485048 0.591024 0.572773
v 0.477898 0.590097 0.574450
v 0.477898 0.581130 0.568953
v 0.477898 0.596495 0.564016
v 0.477898 0.587527 0.558520
v 0.484979 0.581130 0.568953
v 0.484979 0.590097 0.574450
v 0.484979 0.587527 0.558520
v 0.484979 0.596495 0.564016
v 0.477726 0.589767 0.558697
v 0.477726 0.589120 0.564366
v 0.477726 0.585805 0.558246
v 0.477726 0.585158 0.563914
v 0.485151 0.589120 0.564366
v 0.485151 0.589767 0.558697
v 0.485151 0.585158 0.563914
v 0.485151 0.585805 0.558246
v 0.477726 0.597046 0.560393
v 0.477726 0.596594 0.564356
v 0.477726 0.589669 0.559550
v 0.477726 0.589217 0.563513
v 0.485151 0.596594 0.564356
v 0.485151 0.597046 0.560393
v 0.485151 0.589217 0.563513
v 0.485151 0.589669 0.559550
v 0.477898 0.583016 0.552430
v 0.477898 0.592991 0.549095
v 0.477898 0.586898 0.564037
v 0.477898 0.596873 0.560700
v 0.484979 0.592991 0.549095
v 0.484979 0.583016 0.552430
v 0.484979 0.596873 0.560700
v 0.484979 0.586898 0.564037
v 0.477864 0.586369 0.515827
v 0.477864 0.596520 0.518837
v 0.477864 0.580186 0.536689
v 0.477864 0.590337 0.539699
v 0.485014 0.596520 0.518837
v 0.485014 0.586369 0.515827
v 0.485014 0.590337 0.539699
v 0.485014 0.580186 0.536689
v 0.477829 0.580257 0.536249
v 0.477829 0.590768 0.534493
v 0.477829 0.583006 0.552694
v 0.477829 0.593516 0.550936
v 0.485048 0.590768 0.534493
v 0.485048 0.580257 0.536249
v 0.485048 0.593516 0.550936
v 0.485048 0.583006 0.552694
v 0.477932 0.593720 0.501295
v 0.477932 0.603072 0.505959
v 0.477932 0.586370 0.516029
v 0.477932 0.595722 0.520694
v 0.484945 0.603072 0.505959
v 0.484945 0.593720 0.501295
v 0.484945 0.595722 0.520694
v 0.484945 0.586370 0.516029
v 0.440017 0.573003 0.498797
v 0.440017 0.570162 0.499478
v 0.440017 0.571521 0.492614
v 0.440017 0.568679 0.493294
v 0.485048 0.570162 0.499478
v 0.485048 0.573003 0.498797
v 0.485048 0.568679 0.493294
v 0.485048 0.571521 0.492614
v 0.440017 0.596512 0.495465
v 0.440017 0.599128 0.496770
v 0.440017 0.593674 0.501157
v 0.440017 0.596289 0.502462
v 0.485048 0.599128 0.496770
v 0.485048 0.596512 0.495465
v 0.485048 0.596289 0.502462
v 0.485048 0.593674 0.501157
v 0.440017 0.556676 0.617646
v 0.440017 0.559291 0.618949
v 0.440017 0.553837 0.623337
v 0.440017 0.556452 0.624640
v 0.485048 0.559291 0.618949
v 0.485048 0.556676 0.617646
v 0.485048 0.556452 0.624640
v 0.485048 0.553837 0.623337
v 0.440017 0.584285 0.626812
v 0.440017 0.581444 0.627493
v 0.440017 0.582802 0.620627
v 0.440017 0.579960 0.621309
v 0.485048 0.581444 0.627493
v 0.485048 0.584285 0.626812
v 0.485048 0.579960 0.621309
v 0.485048 0.582802 0.620627
v 0.440447 -0.050947 0.445400
v 0.440446 -0.060692 0.530783
v 0.440447 -0.079124 0.442184
v 0.440446 -0.088869 0.527567
v 0.484274 -0.060692 0.530783
v 0.484274 -0.050947 0.445400
v 0.484274 -0.088869 0.527567
v 0.484274 -0.079124 0.442184
v 0.441735 0.590276 0.520283
v 0.441735 0.580921 0.602250
v 0.441735 -0.055220 0.446610
v 0.441735 -0.064575 0.528578
v 0.482986 0.580921 0.602250
v 0.482986 0.590276 0.520283
v 0.482986 -0.064575 0.528578
v 0.482986 -0.055220 0.446610
v 0.440447 -0.009110 0.450175
v 0.440446 -0.010669 0.463836
v 0.440447 -0.050947 0.445400
v 0.440446 -0.052507 0.459061
v 0.484274 -0.010669 0.463836
v 0.484274 -0.009110 0.450175
v 0.484274 -0.052507 0.459061
v 0.484274 -0.050947 0.445400
v 0.440446 -0.017296 0.521896
v 0.440446 -0.018855 0.535558
v 0.440446 -0.059133 0.517121
v 0.440446 -0.060692 0.530783
v 0.484274 -0.018855 0.535558
v 0.484274 -0.017296 0.521896
v 0.484274 -0.060692 0.530783
v 0.484274 -0.059133 0.517121
v 0.440274 -0.082757 0.483114
v 0.440274 -0.083186 0.486872
v 0.440274 -0.095052 0.481711
v 0.440274 -0.095481 0.485468
v 0.484446 -0.083186 0.486872
v 0.484446 -0.082757 0.483114
v 0.484446 -0.095481 0.485468
v 0.484446 -0.095052 0.481711
v 0.440343 -0.076754 0.526045
v 0.440343 -0.088849 0.527904
v 0.440343 -0.083313 0.483371
v 0.440343 -0.095409 0.485230
v 0.484378 -0.088849 0.527904
v 0.484378 -0.076754 0.526045
v 0.484378 -0.095409 0.485230
v 0.484378 -0.083313 0.483371
v 0.440343 -0.079029 0.441861
v 0.440343 -0.067663 0.446398
v 0.440343 -0.095036 0.481959
v 0.440343 -0.083670 0.486496
v 0.484378 -0.067663 0.446398
v 0.484378 -0.079029 0.441861
v 0.484378 -0.083670 0.486496
v 0.484378 -0.095036 0.481959
v 0.440446 -0.000535 0.534189
v 0.440446 -0.000924 0.537604
v 0.440446 -0.018465 0.532143
v 0.440446 -0.018855 0.535558
v 0.484274 -0.000924 0.537604
v 0.484274 -0.000535 0.534189
v 0.484274 -0.018855 0.535558
v 0.484274 -0.018465 0.532143
v 0.440447 0.008821 0.452221
v 0.440447 0.008431 0.455637
v 0.440447 -0.009110 0.450175
v 0.440447 -0.009500 0.453591
v 0.484274 0.008431 0.455637
v 0.484274 0.008821 0.452221
v 0.484274 -0.009500 0.453591
v 0.484274 -0.009110 0.450175
v 0.440446 -0.046864 0.508143
v 0.440446 -0.047936 0.517535
v 0.440446 -0.057964 0.506876
v 0.440446 -0.059036 0.516268
v 0.484274 -0.047936 0.517535
v 0.484274 -0.046864 0.508143
v 0.484274 -0.059036 0.516268
v 0.484274 -0.057964 0.506876
v 0.440446 -0.041504 0.461183
v 0.440446 -0.042576 0.470575
v 0.440446 -0.052604 0.459916
v 0.440446 -0.053676 0.469308
v 0.484274 -0.042576 0.470575
v 0.484274 -0.041504 0.461183
v 0.484274 -0.053676 0.469308
v 0.484274 -0.052604 0.459916
v 0.440343 -0.040378 0.520384
v 0.440343 -0.046659 0.523653
v 0.440343 -0.046820 0.508004
v 0.440343 -0.053102 0.511273
v 0.484378 -0.046659 0.523653
v 0.484378 -0.040378 0.520384
v 0.484378 -0.053102 0.511273
v 0.484378 -0.046820 0.508004
v 0.440343 -0.038883 0.455509
v 0.440343 -0.033499 0.460109
v 0.440343 -0.047949 0.466121
v 0.440343 -0.042565 0.470720
v 0.484378 -0.033499 0.460109
v 0.484378 -0.038883 0.455509
v 0.484378 -0.042565 0.470720
v 0.484378 -0.047949 0.466121
v 0.440343 -0.045375 0.464181
v 0.440343 -0.042440 0.470625
v 0.440343 -0.064333 0.472816
v 0.440343 -0.061398 0.479260
v 0.484378 -0.042440 0.470625
v 0.484378 -0.045375 0.464181
v 0.484378 -0.061398 0.479260
v 0.484378 -0.064333 0.472816
v 0.440343 -0.046720 0.508124
v 0.440343 -0.051032 0.513741
v 0.440343 -0.063244 0.495439
v 0.440343 -0.067556 0.501057
v 0.484378 -0.051032 0.513741
v 0.484378 -0.046720 0.508124
v 0.484378 -0.067556 0.501057
v 0.484378 -0.063244 0.495439
v 0.440343 -0.019210 0.452930
v 0.440343 -0.010523 0.463853
v 0.440343 -0.030134 0.461615
v 0.440343 -0.021448 0.472539
v 0.484378 -0.010523 0.463853
v 0.484378 -0.019210 0.452930
v 0.484378 -0.021448 0.472539
v 0.484378 -0.030134 0.461615
v 0.440343 -0.025836 0.510990
v 0.440343 -0.017150 0.521914
v 0.440343 -0.036761 0.519676
v 0.440343 -0.028074 0.530599
v 0.484378 -0.017150 0.521914
v 0.484378 -0.025836 0.510990
v 0.484378 -0.028074 0.530599
v 0.484378 -0.036761 0.519676
v 0.440447 0.007089 0.452473
v 0.440447 0.008431 0.455637
v 0.440447 -0.012689 0.460863
v 0.440446 -0.011347 0.464028
v 0.484274 0.008431 0.455637
v 0.484274 0.007089 0.452473
v 0.484274 -0.011347 0.464028
v 0.484274 -0.012689 0.460863
v 0.440446 -0.000535 0.534189
v 0.440446 -0.002555 0.536970
v 0.440446 -0.017913 0.521558
v 0.440446 -0.019934 0.524339
v 0.484274 -0.002555 0.536970
v 0.484274 -0.000535 0.534189
v 0.484274 -0.019934 0.524339
v 0.484274 -0.017913 0.521558
v 0.440446 -0.006976 0.529995
v 0.440446 -0.007365 0.533410
v 0.440446 -0.018076 0.528728
v 0.440446 -0.018465 0.532143
v 0.484274 -0.007365 0.533410
v 0.484274 -0.006976 0.529995
v 0.484274 -0.018465 0.532143
v 0.484274 -0.018076 0.528728
v 0.440446 -0.012562 0.525897
v 0.440446 -0.012952 0.529313
v 0.440446 -0.017686 0.525312
v 0.440446 -0.018076 0.528728
v 0.484274 -0.012952 0.529313
v 0.484274 -0.012562 0.525897
v 0.484274 -0.018076 0.528728
v 0.484274 -0.017686 0.525312
v 0.440447 0.001600 0.454858
v 0.440447 0.001210 0.458273
v 0.440447 -0.009500 0.453591
v 0.440447 -0.009890 0.457006
v 0.484274 0.001210 0.458273
v 0.484274 0.001600 0.454858
v 0.484274 -0.009890 0.457006
v 0.484274 -0.009500 0.453591
v 0.440447 -0.004766 0.457590
v 0.440447 -0.005156 0.461006
v 0.440447 -0.009890 0.457006
v 0.440447 -0.010280 0.460421
v 0.484274 -0.005156 0.461006
v 0.484274 -0.004766 0.457590
v 0.484274 -0.010280 0.460421
v 0.484274 -0.009890 0.457006
v 0.440446 -0.041407 0.460328
v 0.440446 -0.041504 0.461183
v 0.440446 -0.052507 0.459061
v 0.440446 -0.052604 0.459916
v 0.484274 -0.041504 0.461183
v 0.484274 -0.041407 0.460328
v 0.484274 -0.052604 0.459916
v 0.484274 -0.052507 0.459061
v 0.440446 -0.047936 0.517535
v 0.440446 -0.048033 0.518388
v 0.440446 -0.059036 0.516268
v 0.440446 -0.059133 0.517121
v 0.484274 -0.048033 0.518388
v 0.484274 -0.047936 0.517535
v 0.484274 -0.059133 0.517121
v 0.484274 -0.059036 0.516268
vn -0.0000 -0.1134 0.9935
vn -1.0000 -0.0000 -0.0000
vn -0.0000 0.1134 -0.9935
vn 1.0000 -0.0000 -0.0000
vn -0.0000 0.9936 0.1134
vn -0.0000 -0.9935 -0.1134
vn -0.0000 -0.1134 0.9936
vn -0.0000 0.1134 -0.9936
vn -0.0000 -0.8435 0.5371
vn -0.0000 0.8435 -0.5371
vn -0.0000 0.5371 0.8435
vn -0.0000 -0.5372 -0.8435
vn -0.0000 -0.8435 0.5372
vn -0.0000 0.8435 -0.5372
vn -0.0000 0.5369 0.8437
vn -0.0000 -0.5373 -0.8434
vn -0.0000 -0.5371 -0.8435
vn -0.0000 0.9935 0.1134
vn -0.0000 -0.9936 -0.1134
vn -0.0000 -0.1136 0.9935
vn -0.0000 0.1133 -0.9936
vn -0.0000 0.9935 0.1135
vn -0.0000 -0.9936 -0.1132
vn -0.0000 -0.9936 -0.1133
vn -0.0000 -0.1135 0.9935
vn -0.0000 0.1135 -0.9935
vn -0.0000 0.9935 0.1137
vn -0.0000 -0.9935 -0.1137
vn -0.0000 0.9936 0.1133
vn -0.0000 -0.9724 0.2332
vn -0.0000 0.9724 -0.2332
vn -0.0000 0.2333 0.9724
vn -0.0000 -0.2332 -0.9724
vn -0.0000 -0.9982 0.0608
vn -0.0000 0.9981 -0.0608
vn -0.0000 0.0610 0.9981
vn -0.0000 -0.0608 -0.9981
vn -0.0000 -0.8525 -0.5227
vn -0.0000 0.8525 0.5227
vn -0.0000 -0.5226 0.8526
vn -0.0000 0.5225 -0.8526
vn -0.0000 -0.9238 -0.3829
vn -0.0000 0.9238 0.3829
vn -0.0000 -0.3828 0.9238
vn -0.0000 0.3829 -0.9238
vn -0.0000 0.1132 -0.9936
vn -0.0000 0.9935 0.1136
vn -0.0000 -0.7826 -0.6226
vn -0.0000 0.7825 0.6227
vn -0.0000 -0.6227 0.7825
vn -0.0000 0.6226 -0.7826
vn -0.0000 0.6223 0.7828
vn -0.0000 -0.6224 -0.7827
vn -0.0000 0.7827 -0.6224
vn -0.0000 -0.7827 0.6224
vn -0.0000 0.6224 0.7827
vn -0.0000 -0.4770 -0.8789
vn -0.0000 0.4771 0.8789
vn -0.0000 -0.8790 0.4769
vn -0.0000 0.8789 -0.4770
vn -0.0000 0.6627 -0.7489
vn -0.0000 -0.6627 0.7488
vn -0.0000 -0.7489 -0.6627
vn -0.0000 0.7490 0.6626
vn -0.0000 0.9027 -0.4303
vn -0.0000 -0.9027 0.4303
vn -0.0000 -0.4305 -0.9026
vn -0.0000 0.4305 0.9026
vn -0.0000 0.4770 0.8789
vn -0.0000 -0.8789 0.4770
vn -0.0000 0.8791 -0.4766
vn -0.0000 0.7826 0.6226
vn -0.0000 -0.6227 0.7824
vn -0.0000 0.6227 -0.7824
vn -0.0000 0.9025 -0.4307
vn -0.0000 -0.9027 0.4302
vn -0.0000 -0.4303 -0.9027
vn -0.0000 0.4303 0.9027
vn -0.0000 -0.6628 0.7488
vn -0.0000 0.9863 -0.1648
vn -0.0000 -0.9863 0.1649
vn -0.0000 -0.1648 -0.9863
vn -0.0000 0.1650 0.9863
vn -0.0000 0.9483 -0.3172
vn -0.0000 -0.9484 0.3172
vn -0.0000 -0.3171 -0.9484
vn -0.0000 0.3173 0.9483
vn -0.0000 0.9588 0.2842
vn -0.0000 -0.9588 -0.2842
vn -0.0000 0.2843 -0.9587
vn -0.0000 -0.2843 0.9587
vn -0.0000 0.8949 0.4464
vn -0.0000 -0.8948 -0.4464
vn -0.0000 0.4463 -0.8949
vn -0.0000 -0.4464 0.8948
vn -0.0000 -0.9724 0.2333
vn -0.0000 0.9724 -0.2333
vn -0.0000 -0.2330 -0.9725
vn -0.0000 -0.9981 0.0608
vn -0.0000 0.0609 0.9981
vn -0.0000 -0.0609 -0.9981
vn -0.0000 -0.8526 -0.5226
vn -0.0000 -0.5227 0.8525
vn -0.0000 0.5227 -0.8525
vn -0.0000 -0.3829 0.9238
vn -0.0000 0.9484 -0.3171
vn -0.0000 -0.9484 0.3171
vn -0.0000 0.3170 0.9484
vn -0.0000 0.9863 -0.1649
vn -0.0000 -0.9863 0.1648
vn -0.0000 -0.1649 -0.9863
vn -0.0000 0.2842 -0.9588
vn -0.0000 -0.2841 0.9588
vn -0.0000 -0.4465 0.8948
vn -0.0000 0.2841 -0.9588
vn -0.0000 0.1649 0.9863
vn -0.0000 0.9484 -0.3172
vn -0.0000 -0.3172 -0.9484
vn -0.0000 0.3172 0.9484
vn -0.0000 -0.1133 0.9936
vn -0.0000 0.1136 -0.9935
vn -0.0000 0.8526 0.5226
vn -0.0000 0.5226 -0.8526
vn -0.0000 -0.9981 0.0609
vn -0.0000 0.0614 0.9981
vn -0.0000 0.1131 -0.9936
vn -0.0000 -0.1131 0.9936
vn -0.0000 -0.9935 -0.1135
vn -0.0000 0.9936 0.1132
vn -0.0000 -0.1138 0.9935
vn -0.0000 0.1129 -0.9936
vn -0.0000 0.9981 -0.0609
vn -0.0000 0.9725 -0.2331
vn -0.0000 0.2331 0.9725
vn -0.0000 0.8949 0.4463
vn -0.0000 -0.8949 -0.4462
vn -0.0000 0.4464 -0.8948
vn -0.0000 0.8948 0.4464
vn -0.0000 -0.4460 0.8950
vn -0.0000 0.2331 0.9724
vn -0.0000 -0.2329 -0.9725
vn -1.0000 -0.0000 -0.0001
vn -0.0000 -0.9884 0.1519
vn -0.0000 0.9884 -0.1519
vn -0.0000 0.1519 0.9884
vn -0.0000 -0.1519 -0.9884
vn -0.0000 0.9287 0.3707
vn -0.0000 -0.9287 -0.3707
vn -0.0000 0.3707 -0.9287
vn -0.0000 -0.3707 0.9287
vn -0.0000 -0.8871 0.4617
vn -0.0000 0.8871 -0.4616
vn -0.0000 0.4617 0.8871
vn -0.0000 -0.4616 -0.8871
vn -0.0000 0.7603 0.6496
vn -0.0000 -0.7603 -0.6496
vn -0.0000 0.6496 -0.7603
vn -0.0000 -0.6495 0.7604
vn -0.0000 0.4145 0.9100
vn -0.0000 -0.4145 -0.9100
vn -0.0000 0.9101 -0.4145
vn -0.0000 -0.9101 0.4145
vn -0.0000 -0.6089 0.7932
vn -0.0000 0.6089 -0.7932
vn -0.0000 0.7932 0.6089
vn -0.0000 -0.7933 -0.6089
vn -0.0000 -0.6223 -0.7828
vn -0.0000 0.3906 0.9206
vn -0.0000 -0.3905 -0.9206
vn -0.0000 0.9206 -0.3905
vn -0.0000 -0.9207 0.3904
vn -0.0000 -0.5879 0.8089
vn -0.0000 0.5879 -0.8089
vn -0.0000 0.8091 0.5877
vn -0.0000 -0.8090 -0.5879
vn -0.0000 0.9936 0.1131
vn -0.0000 -0.9936 -0.1131
vn -0.0000 0.9936 0.1130
vn -0.0000 -0.9936 -0.1130
vt 0.312500 0.242188
vt 0.320312 0.242188
vt 0.320312 1.000000
vt 0.312500 1.000000
vt 0.093750 0.242188
vt 0.132812 0.242188
vt 0.132812 1.000000
vt 0.093750 1.000000
vt 0.328125 0.242188
vt 0.335938 0.242188
vt 0.335938 1.000000
vt 0.328125 1.000000
vt 0.140625 0.242188
vt 0.179688 0.242188
vt 0.179688 1.000000
vt 0.140625 1.000000
vt 0.460938 0.953125
vt 0.453125 0.953125
vt 0.453125 0.914062
vt 0.460938 0.914062
vt 0.460938 0.867188
vt 0.453125 0.867188
vt 0.453125 0.906250
vt 0.460938 0.906250
vt 0.453125 0.656250
vt 0.460938 0.656250
vt 0.460938 0.687500
vt 0.453125 0.687500
vt 0.359375 0.843750
vt 0.398438 0.843750
vt 0.398438 0.875000
vt 0.359375 0.875000
vt 0.359375 0.515625
vt 0.367188 0.515625
vt 0.367188 0.546875
vt 0.359375 0.546875
vt 0.359375 0.812500
vt 0.398438 0.812500
vt 0.445312 0.703125
vt 0.437500 0.703125
vt 0.437500 0.664062
vt 0.445312 0.664062
vt 0.445312 0.601562
vt 0.437500 0.601562
vt 0.437500 0.640625
vt 0.445312 0.640625
vt 0.453125 0.609375
vt 0.460938 0.609375
vt 0.460938 0.640625
vt 0.453125 0.640625
vt 0.453125 0.578125
vt 0.460938 0.578125
vt 0.406250 0.515625
vt 0.414062 0.515625
vt 0.414062 0.546875
vt 0.406250 0.546875
vt 0.421875 0.515625
vt 0.429688 0.515625
vt 0.429688 0.546875
vt 0.421875 0.546875
vt 0.679688 0.656250
vt 0.671875 0.656250
vt 0.671875 0.648438
vt 0.679688 0.648438
vt 0.367188 0.320312
vt 0.359375 0.320312
vt 0.359375 0.328125
vt 0.367188 0.328125
vt 0.671875 0.632812
vt 0.679688 0.632812
vt 0.679688 0.640625
vt 0.671875 0.640625
vt 0.375000 0.320312
vt 0.382812 0.320312
vt 0.382812 0.328125
vt 0.375000 0.328125
vt 0.671875 0.617188
vt 0.679688 0.617188
vt 0.679688 0.625000
vt 0.671875 0.625000
vt 0.390625 0.320312
vt 0.398438 0.320312
vt 0.398438 0.328125
vt 0.390625 0.328125
vt 0.679688 0.609375
vt 0.671875 0.609375
vt 0.671875 0.601562
vt 0.679688 0.601562
vt 0.414062 0.320312
vt 0.406250 0.320312
vt 0.406250 0.328125
vt 0.414062 0.328125
vt 0.671875 0.585938
vt 0.679688 0.585938
vt 0.679688 0.593750
vt 0.671875 0.593750
vt 0.421875 0.320312
vt 0.429688 0.320312
vt 0.429688 0.328125
vt 0.421875 0.328125
vt 0.671875 0.570312
vt 0.679688 0.570312
vt 0.679688 0.578125
vt 0.671875 0.578125
vt 0.437500 0.320312
vt 0.445312 0.320312
vt 0.445312 0.328125
vt 0.437500 0.328125
vt 0.679688 0.562500
vt 0.671875 0.562500
vt 0.671875 0.554688
vt 0.679688 0.554688
vt 0.460938 0.320312
vt 0.453125 0.320312
vt 0.453125 0.328125
vt 0.460938 0.328125
vt 0.671875 0.539062
vt 0.679688 0.539062
vt 0.679688 0.546875
vt 0.671875 0.546875
vt 0.468750 0.320312
vt 0.476562 0.320312
vt 0.476562 0.328125
vt 0.468750 0.328125
vt 0.671875 0.523438
vt 0.679688 0.523438
vt 0.679688 0.531250
vt 0.671875 0.531250
vt 0.484375 0.320312
vt 0.492188 0.320312
vt 0.492188 0.328125
vt 0.484375 0.328125
vt 0.679688 0.515625
vt 0.671875 0.515625
vt 0.671875 0.507812
vt 0.679688 0.507812
vt 0.507812 0.320312
vt 0.500000 0.320312
vt 0.500000 0.328125
vt 0.507812 0.328125
vt 0.625000 0.765625
vt 0.632812 0.765625
vt 0.632812 0.781250
vt 0.625000 0.781250
vt 0.625000 0.687500
vt 0.632812 0.687500
vt 0.632812 0.703125
vt 0.625000 0.703125
vt 0.437500 0.359375
vt 0.445312 0.359375
vt 0.445312 0.375000
vt 0.437500 0.375000
vt 0.453125 0.359375
vt 0.460938 0.359375
vt 0.460938 0.375000
vt 0.453125 0.375000
vt 0.679688 0.500000
vt 0.671875 0.500000
vt 0.671875 0.492188
vt 0.679688 0.492188
vt 0.523438 0.320312
vt 0.515625 0.320312
vt 0.515625 0.328125
vt 0.523438 0.328125
vt 0.453125 0.507812
vt 0.460938 0.507812
vt 0.460938 0.531250
vt 0.453125 0.531250
vt 0.468750 0.507812
vt 0.476562 0.507812
vt 0.476562 0.531250
vt 0.468750 0.531250
vt 0.484375 0.976562
vt 0.492188 0.976562
vt 0.492188 1.000000
vt 0.484375 1.000000
vt 0.484375 0.945312
vt 0.492188 0.945312
vt 0.492188 0.968750
vt 0.484375 0.968750
vt 0.679688 0.484375
vt 0.671875 0.484375
vt 0.671875 0.476562
vt 0.679688 0.476562
vt 0.539062 0.320312
vt 0.531250 0.320312
vt 0.531250 0.328125
vt 0.539062 0.328125
vt 0.671875 0.460938
vt 0.679688 0.460938
vt 0.679688 0.468750
vt 0.671875 0.468750
vt 0.546875 0.320312
vt 0.554688 0.320312
vt 0.554688 0.328125
vt 0.546875 0.328125
vt 0.671875 0.445312
vt 0.679688 0.445312
vt 0.679688 0.453125
vt 0.671875 0.453125
vt 0.562500 0.320312
vt 0.570312 0.320312
vt 0.570312 0.328125
vt 0.562500 0.328125
vt 0.679688 0.437500
vt 0.671875 0.437500
vt 0.671875 0.429688
vt 0.679688 0.429688
vt 0.585938 0.320312
vt 0.578125 0.320312
vt 0.578125 0.328125
vt 0.585938 0.328125
vt 0.375000 0.523438
vt 0.382812 0.523438
vt 0.382812 0.562500
vt 0.375000 0.562500
vt 0.390625 0.523438
vt 0.398438 0.523438
vt 0.398438 0.562500
vt 0.390625 0.562500
vt 0.437500 0.554688
vt 0.445312 0.554688
vt 0.445312 0.593750
vt 0.437500 0.593750
vt 0.453125 0.960938
vt 0.460938 0.960938
vt 0.460938 1.000000
vt 0.453125 1.000000
vt 0.679688 0.421875
vt 0.671875 0.421875
vt 0.671875 0.414062
vt 0.679688 0.414062
vt 0.601562 0.320312
vt 0.593750 0.320312
vt 0.593750 0.328125
vt 0.601562 0.328125
vt 0.671875 0.398438
vt 0.679688 0.398438
vt 0.679688 0.406250
vt 0.671875 0.406250
vt 0.609375 0.320312
vt 0.617188 0.320312
vt 0.617188 0.328125
vt 0.609375 0.328125
vt 0.671875 0.382812
vt 0.679688 0.382812
vt 0.679688 0.390625
vt 0.671875 0.390625
vt 0.625000 0.320312
vt 0.632812 0.320312
vt 0.632812 0.328125
vt 0.625000 0.328125
vt 0.679688 0.375000
vt 0.671875 0.375000
vt 0.671875 0.367188
vt 0.679688 0.367188
vt 0.648438 0.320312
vt 0.640625 0.320312
vt 0.640625 0.328125
vt 0.648438 0.328125
vt 0.671875 0.351562
vt 0.679688 0.351562
vt 0.679688 0.359375
vt 0.671875 0.359375
vt 0.656250 0.320312
vt 0.664062 0.320312
vt 0.664062 0.328125
vt 0.656250 0.328125
vt 0.671875 0.335938
vt 0.679688 0.335938
vt 0.679688 0.343750
vt 0.671875 0.343750
vt 0.671875 0.320312
vt 0.679688 0.320312
vt 0.679688 0.328125
vt 0.671875 0.328125
vt 0.695312 1.000000
vt 0.687500 1.000000
vt 0.687500 0.992188
vt 0.695312 0.992188
vt 0.695312 0.976562
vt 0.687500 0.976562
vt 0.687500 0.984375
vt 0.695312 0.984375
vt 0.468750 0.867188
vt 0.492188 0.867188
vt 0.492188 0.875000
vt 0.468750 0.875000
vt 0.406250 0.726562
vt 0.468750 0.726562
vt 0.468750 0.734375
vt 0.406250 0.734375
vt 0.468750 0.773438
vt 0.492188 0.773438
vt 0.492188 0.781250
vt 0.468750 0.781250
vt 0.406250 0.648438
vt 0.468750 0.648438
vt 0.468750 0.656250
vt 0.406250 0.656250
vt 0.382812 1.000000
vt 0.359375 1.000000
vt 0.359375 0.945312
vt 0.382812 0.945312
vt 0.382812 0.882812
vt 0.359375 0.882812
vt 0.359375 0.937500
vt 0.382812 0.937500
vt 0.484375 0.929688
vt 0.507812 0.929688
vt 0.507812 0.937500
vt 0.484375 0.937500
vt 0.687500 0.960938
vt 0.695312 0.960938
vt 0.695312 0.968750
vt 0.687500 0.968750
vt 0.484375 0.914062
vt 0.507812 0.914062
vt 0.507812 0.921875
vt 0.484375 0.921875
vt 0.687500 0.945312
vt 0.695312 0.945312
vt 0.695312 0.953125
vt 0.687500 0.953125
vt 0.507812 0.906250
vt 0.484375 0.906250
vt 0.484375 0.898438
vt 0.507812 0.898438
vt 0.507812 0.882812
vt 0.484375 0.882812
vt 0.484375 0.890625
vt 0.507812 0.890625
vt 0.484375 0.726562
vt 0.507812 0.726562
vt 0.507812 0.734375
vt 0.484375 0.734375
vt 0.687500 0.929688
vt 0.695312 0.929688
vt 0.695312 0.937500
vt 0.687500 0.937500
vt 0.484375 0.710938
vt 0.507812 0.710938
vt 0.507812 0.718750
vt 0.484375 0.718750
vt 0.687500 0.914062
vt 0.695312 0.914062
vt 0.695312 0.921875
vt 0.687500 0.921875
vt 0.507812 0.687500
vt 0.484375 0.687500
vt 0.484375 0.679688
vt 0.507812 0.679688
vt 0.507812 0.664062
vt 0.484375 0.664062
vt 0.484375 0.671875
vt 0.507812 0.671875
vt 0.687500 0.898438
vt 0.695312 0.898438
vt 0.695312 0.906250
vt 0.687500 0.906250
vt 0.687500 0.882812
vt 0.695312 0.882812
vt 0.695312 0.890625
vt 0.687500 0.890625
vt 0.687500 0.867188
vt 0.695312 0.867188
vt 0.695312 0.875000
vt 0.687500 0.875000
vt 0.687500 0.851562
vt 0.695312 0.851562
vt 0.695312 0.859375
vt 0.687500 0.859375
vt 0.695312 0.843750
vt 0.687500 0.843750
vt 0.687500 0.835938
vt 0.695312 0.835938
vt 0.695312 0.820312
vt 0.687500 0.820312
vt 0.687500 0.828125
vt 0.695312 0.828125
vt 0.687500 0.804688
vt 0.695312 0.804688
vt 0.695312 0.812500
vt 0.687500 0.812500
vt 0.687500 0.789062
vt 0.695312 0.789062
vt 0.695312 0.796875
vt 0.687500 0.796875
vt 0.218750 0.304688
vt 0.226562 0.304688
vt 0.226562 0.312500
vt 0.218750 0.312500
vt 0.687500 0.773438
vt 0.695312 0.773438
vt 0.695312 0.781250
vt 0.687500 0.781250
vt 0.242188 0.312500
vt 0.234375 0.312500
vt 0.234375 0.304688
vt 0.242188 0.304688
vt 0.695312 0.757812
vt 0.687500 0.757812
vt 0.687500 0.765625
vt 0.695312 0.765625
vt 0.250000 0.304688
vt 0.257812 0.304688
vt 0.257812 0.312500
vt 0.250000 0.312500
vt 0.687500 0.742188
vt 0.703125 0.742188
vt 0.703125 0.750000
vt 0.687500 0.750000
vt 0.265625 0.304688
vt 0.273438 0.304688
vt 0.273438 0.312500
vt 0.265625 0.312500
vt 0.687500 0.726562
vt 0.695312 0.726562
vt 0.695312 0.734375
vt 0.687500 0.734375
vt 0.289062 0.312500
vt 0.281250 0.312500
vt 0.281250 0.304688
vt 0.289062 0.304688
vt 0.695312 0.710938
vt 0.687500 0.710938
vt 0.687500 0.718750
vt 0.695312 0.718750
vt 0.296875 0.304688
vt 0.304688 0.304688
vt 0.304688 0.312500
vt 0.296875 0.312500
vt 0.687500 0.695312
vt 0.695312 0.695312
vt 0.695312 0.703125
vt 0.687500 0.703125
vt 0.687500 0.679688
vt 0.695312 0.679688
vt 0.695312 0.687500
vt 0.687500 0.687500
vt 0.687500 0.664062
vt 0.695312 0.664062
vt 0.695312 0.671875
vt 0.687500 0.671875
vt 0.351562 0.312500
vt 0.343750 0.312500
vt 0.343750 0.304688
vt 0.351562 0.304688
vt 0.695312 0.648438
vt 0.687500 0.648438
vt 0.687500 0.656250
vt 0.695312 0.656250
vt 0.359375 0.304688
vt 0.367188 0.304688
vt 0.367188 0.312500
vt 0.359375 0.312500
vt 0.687500 0.632812
vt 0.695312 0.632812
vt 0.695312 0.640625
vt 0.687500 0.640625
vt 0.375000 0.304688
vt 0.382812 0.304688
vt 0.382812 0.312500
vt 0.375000 0.312500
vt 0.687500 0.617188
vt 0.695312 0.617188
vt 0.695312 0.625000
vt 0.687500 0.625000
vt 0.398438 0.312500
vt 0.390625 0.312500
vt 0.390625 0.304688
vt 0.398438 0.304688
vt 0.695312 0.601562
vt 0.687500 0.601562
vt 0.687500 0.609375
vt 0.695312 0.609375
vt 0.484375 0.648438
vt 0.507812 0.648438
vt 0.507812 0.656250
vt 0.484375 0.656250
vt 0.406250 0.304688
vt 0.414062 0.304688
vt 0.414062 0.312500
vt 0.406250 0.312500
vt 0.359375 0.507812
vt 0.382812 0.507812
vt 0.382812 0.515625
vt 0.687500 0.585938
vt 0.695312 0.585938
vt 0.695312 0.593750
vt 0.687500 0.593750
vt 0.507812 0.640625
vt 0.484375 0.640625
vt 0.484375 0.632812
vt 0.507812 0.632812
vt 0.507812 0.617188
vt 0.484375 0.617188
vt 0.484375 0.625000
vt 0.507812 0.625000
vt 0.390625 0.507812
vt 0.414062 0.507812
vt 0.390625 0.515625
vt 0.421875 0.304688
vt 0.429688 0.304688
vt 0.429688 0.312500
vt 0.421875 0.312500
vt 0.484375 0.601562
vt 0.507812 0.601562
vt 0.507812 0.609375
vt 0.484375 0.609375
vt 0.687500 0.570312
vt 0.695312 0.570312
vt 0.695312 0.578125
vt 0.687500 0.578125
vt 0.507812 0.593750
vt 0.484375 0.593750
vt 0.484375 0.585938
vt 0.507812 0.585938
vt 0.445312 0.507812
vt 0.421875 0.507812
vt 0.445312 0.515625
vt 0.484375 0.570312
vt 0.507812 0.570312
vt 0.507812 0.578125
vt 0.484375 0.578125
vt 0.445312 0.304688
vt 0.445312 0.312500
vt 0.484375 0.554688
vt 0.507812 0.554688
vt 0.507812 0.562500
vt 0.484375 0.562500
vt 0.687500 0.554688
vt 0.703125 0.554688
vt 0.703125 0.562500
vt 0.687500 0.562500
vt 0.507812 0.546875
vt 0.484375 0.546875
vt 0.484375 0.539062
vt 0.507812 0.539062
vt 0.507812 0.523438
vt 0.484375 0.523438
vt 0.484375 0.531250
vt 0.507812 0.531250
vt 0.484375 0.507812
vt 0.507812 0.507812
vt 0.507812 0.515625
vt 0.484375 0.515625
vt 0.453125 0.304688
vt 0.460938 0.304688
vt 0.460938 0.312500
vt 0.453125 0.312500
vt 0.500000 0.992188
vt 0.523438 0.992188
vt 0.523438 1.000000
vt 0.500000 1.000000
vt 0.687500 0.539062
vt 0.695312 0.539062
vt 0.695312 0.546875
vt 0.687500 0.546875
vt 0.523438 0.984375
vt 0.500000 0.984375
vt 0.500000 0.976562
vt 0.523438 0.976562
vt 0.523438 0.960938
vt 0.500000 0.960938
vt 0.500000 0.968750
vt 0.523438 0.968750
vt 0.500000 0.945312
vt 0.523438 0.945312
vt 0.523438 0.953125
vt 0.500000 0.953125
vt 0.468750 0.304688
vt 0.476562 0.304688
vt 0.476562 0.312500
vt 0.468750 0.312500
vt 0.500000 0.867188
vt 0.523438 0.867188
vt 0.523438 0.875000
vt 0.500000 0.875000
vt 0.687500 0.523438
vt 0.695312 0.523438
vt 0.695312 0.531250
vt 0.687500 0.531250
vt 0.523438 0.859375
vt 0.500000 0.859375
vt 0.500000 0.851562
vt 0.523438 0.851562
vt 0.523438 0.835938
vt 0.500000 0.835938
vt 0.500000 0.843750
vt 0.523438 0.843750
vt 0.500000 0.820312
vt 0.523438 0.820312
vt 0.523438 0.828125
vt 0.500000 0.828125
vt 0.484375 0.304688
vt 0.492188 0.304688
vt 0.492188 0.312500
vt 0.484375 0.312500
vt 0.500000 0.804688
vt 0.523438 0.804688
vt 0.523438 0.812500
vt 0.500000 0.812500
vt 0.687500 0.507812
vt 0.695312 0.507812
vt 0.695312 0.515625
vt 0.687500 0.515625
vt 0.523438 0.796875
vt 0.500000 0.796875
vt 0.500000 0.789062
vt 0.523438 0.789062
vt 0.523438 0.773438
vt 0.500000 0.773438
vt 0.500000 0.781250
vt 0.523438 0.781250
vt 0.500000 0.757812
vt 0.523438 0.757812
vt 0.523438 0.765625
vt 0.500000 0.765625
vt 0.500000 0.304688
vt 0.507812 0.304688
vt 0.507812 0.312500
vt 0.500000 0.312500
vt 0.500000 0.742188
vt 0.523438 0.742188
vt 0.523438 0.750000
vt 0.500000 0.750000
vt 0.687500 0.492188
vt 0.695312 0.492188
vt 0.695312 0.500000
vt 0.687500 0.500000
vt 0.523438 0.703125
vt 0.500000 0.703125
vt 0.500000 0.695312
vt 0.523438 0.695312
vt 0.382812 0.492188
vt 0.359375 0.492188
vt 0.359375 0.500000
vt 0.382812 0.500000
vt 0.390625 0.492188
vt 0.414062 0.492188
vt 0.414062 0.500000
vt 0.390625 0.500000
vt 0.515625 0.304688
vt 0.523438 0.304688
vt 0.523438 0.312500
vt 0.515625 0.312500
vt 0.421875 0.492188
vt 0.445312 0.492188
vt 0.445312 0.500000
vt 0.421875 0.500000
vt 0.687500 0.476562
vt 0.695312 0.476562
vt 0.695312 0.484375
vt 0.687500 0.484375
vt 0.476562 0.500000
vt 0.453125 0.500000
vt 0.453125 0.492188
vt 0.476562 0.492188
vt 0.507812 0.492188
vt 0.484375 0.492188
vt 0.484375 0.500000
vt 0.507812 0.500000
vt 0.515625 0.929688
vt 0.539062 0.929688
vt 0.539062 0.937500
vt 0.515625 0.937500
vt 0.531250 0.304688
vt 0.539062 0.304688
vt 0.539062 0.312500
vt 0.531250 0.312500
vt 0.515625 0.914062
vt 0.539062 0.914062
vt 0.539062 0.921875
vt 0.515625 0.921875
vt 0.687500 0.460938
vt 0.695312 0.460938
vt 0.695312 0.468750
vt 0.687500 0.468750
vt 0.539062 0.906250
vt 0.515625 0.906250
vt 0.515625 0.898438
vt 0.539062 0.898438
vt 0.539062 0.882812
vt 0.515625 0.882812
vt 0.515625 0.890625
vt 0.539062 0.890625
vt 0.218750 0.476562
vt 0.242188 0.476562
vt 0.242188 0.484375
vt 0.218750 0.484375
vt 0.546875 0.304688
vt 0.554688 0.304688
vt 0.554688 0.312500
vt 0.546875 0.312500
vt 0.250000 0.476562
vt 0.273438 0.476562
vt 0.273438 0.484375
vt 0.250000 0.484375
vt 0.687500 0.445312
vt 0.695312 0.445312
vt 0.695312 0.453125
vt 0.687500 0.453125
vt 0.539062 0.734375
vt 0.515625 0.734375
vt 0.515625 0.726562
vt 0.539062 0.726562
vt 0.304688 0.476562
vt 0.281250 0.476562
vt 0.281250 0.484375
vt 0.304688 0.484375
vt 0.515625 0.710938
vt 0.539062 0.710938
vt 0.539062 0.718750
vt 0.515625 0.718750
vt 0.562500 0.304688
vt 0.570312 0.304688
vt 0.570312 0.312500
vt 0.562500 0.312500
vt 0.515625 0.679688
vt 0.539062 0.679688
vt 0.539062 0.687500
vt 0.515625 0.687500
vt 0.687500 0.429688
vt 0.695312 0.429688
vt 0.695312 0.437500
vt 0.687500 0.437500
vt 0.539062 0.671875
vt 0.515625 0.671875
vt 0.515625 0.664062
vt 0.539062 0.664062
vt 0.539062 0.648438
vt 0.515625 0.648438
vt 0.515625 0.656250
vt 0.539062 0.656250
vt 0.359375 0.476562
vt 0.382812 0.476562
vt 0.382812 0.484375
vt 0.359375 0.484375
vt 0.578125 0.304688
vt 0.585938 0.304688
vt 0.585938 0.312500
vt 0.578125 0.312500
vt 0.515625 0.632812
vt 0.539062 0.632812
vt 0.539062 0.640625
vt 0.515625 0.640625
vt 0.687500 0.414062
vt 0.695312 0.414062
vt 0.695312 0.421875
vt 0.687500 0.421875
vt 0.539062 0.625000
vt 0.515625 0.625000
vt 0.515625 0.617188
vt 0.539062 0.617188
vt 0.414062 0.476562
vt 0.390625 0.476562
vt 0.390625 0.484375
vt 0.414062 0.484375
vt 0.515625 0.601562
vt 0.539062 0.601562
vt 0.539062 0.609375
vt 0.515625 0.609375
vt 0.593750 0.304688
vt 0.601562 0.304688
vt 0.601562 0.312500
vt 0.593750 0.312500
vt 0.515625 0.585938
vt 0.539062 0.585938
vt 0.539062 0.593750
vt 0.515625 0.593750
vt 0.687500 0.398438
vt 0.695312 0.398438
vt 0.695312 0.406250
vt 0.687500 0.406250
vt 0.445312 0.484375
vt 0.421875 0.484375
vt 0.421875 0.476562
vt 0.445312 0.476562
vt 0.539062 0.570312
vt 0.515625 0.570312
vt 0.515625 0.578125
vt 0.539062 0.578125
vt 0.515625 0.554688
vt 0.539062 0.554688
vt 0.539062 0.562500
vt 0.515625 0.562500
vt 0.609375 0.304688
vt 0.617188 0.304688
vt 0.617188 0.312500
vt 0.609375 0.312500
vt 0.453125 0.476562
vt 0.476562 0.476562
vt 0.476562 0.484375
vt 0.453125 0.484375
vt 0.687500 0.382812
vt 0.695312 0.382812
vt 0.695312 0.390625
vt 0.687500 0.390625
vt 0.539062 0.546875
vt 0.515625 0.546875
vt 0.515625 0.539062
vt 0.539062 0.539062
vt 0.539062 0.523438
vt 0.515625 0.523438
vt 0.515625 0.531250
vt 0.539062 0.531250
vt 0.484375 0.476562
vt 0.507812 0.476562
vt 0.507812 0.484375
vt 0.484375 0.484375
vt 0.625000 0.304688
vt 0.632812 0.304688
vt 0.632812 0.312500
vt 0.625000 0.312500
vt 0.515625 0.507812
vt 0.539062 0.507812
vt 0.539062 0.515625
vt 0.515625 0.515625
vt 0.687500 0.367188
vt 0.695312 0.367188
vt 0.695312 0.375000
vt 0.687500 0.375000
vt 0.539062 0.500000
vt 0.515625 0.500000
vt 0.515625 0.492188
vt 0.539062 0.492188
vt 0.539062 0.476562
vt 0.515625 0.476562
vt 0.515625 0.484375
vt 0.539062 0.484375
vt 0.703125 0.648438
vt 0.710938 0.648438
vt 0.710938 0.656250
vt 0.703125 0.656250
vt 0.359375 0.289062
vt 0.367188 0.289062
vt 0.367188 0.296875
vt 0.359375 0.296875
vt 0.703125 0.632812
vt 0.710938 0.632812
vt 0.710938 0.640625
vt 0.703125 0.640625
vt 0.375000 0.289062
vt 0.382812 0.289062
vt 0.382812 0.296875
vt 0.375000 0.296875
vt 0.710938 0.625000
vt 0.703125 0.625000
vt 0.703125 0.617188
vt 0.710938 0.617188
vt 0.398438 0.289062
vt 0.390625 0.289062
vt 0.390625 0.296875
vt 0.398438 0.296875
vt 0.703125 0.601562
vt 0.710938 0.601562
vt 0.710938 0.609375
vt 0.703125 0.609375
vt 0.406250 0.289062
vt 0.414062 0.289062
vt 0.414062 0.296875
vt 0.406250 0.296875
vt 0.703125 0.585938
vt 0.710938 0.585938
vt 0.710938 0.593750
vt 0.703125 0.593750
vt 0.421875 0.289062
vt 0.429688 0.289062
vt 0.429688 0.296875
vt 0.421875 0.296875
vt 0.710938 0.578125
vt 0.703125 0.578125
vt 0.703125 0.570312
vt 0.710938 0.570312
vt 0.445312 0.289062
vt 0.437500 0.289062
vt 0.437500 0.296875
vt 0.445312 0.296875
vt 0.710938 0.554688
vt 0.710938 0.562500
vt 0.453125 0.289062
vt 0.460938 0.289062
vt 0.460938 0.296875
vt 0.453125 0.296875
vt 0.703125 0.539062
vt 0.710938 0.539062
vt 0.710938 0.546875
vt 0.703125 0.546875
vt 0.468750 0.289062
vt 0.476562 0.289062
vt 0.476562 0.296875
vt 0.468750 0.296875
vt 0.710938 0.531250
vt 0.703125 0.531250
vt 0.703125 0.523438
vt 0.710938 0.523438
vt 0.492188 0.289062
vt 0.484375 0.289062
vt 0.484375 0.296875
vt 0.492188 0.296875
vt 0.703125 0.507812
vt 0.710938 0.507812
vt 0.710938 0.515625
vt 0.703125 0.515625
vt 0.500000 0.289062
vt 0.507812 0.289062
vt 0.507812 0.296875
vt 0.500000 0.296875
vt 0.703125 0.492188
vt 0.710938 0.492188
vt 0.710938 0.500000
vt 0.703125 0.500000
vt 0.515625 0.289062
vt 0.523438 0.289062
vt 0.523438 0.296875
vt 0.515625 0.296875
vt 0.710938 0.484375
vt 0.703125 0.484375
vt 0.703125 0.476562
vt 0.710938 0.476562
vt 0.539062 0.289062
vt 0.531250 0.289062
vt 0.531250 0.296875
vt 0.539062 0.296875
vt 0.250000 0.414062
vt 0.273438 0.414062
vt 0.273438 0.421875
vt 0.250000 0.421875
vt 0.703125 0.460938
vt 0.710938 0.460938
vt 0.710938 0.468750
vt 0.703125 0.468750
vt 0.578125 0.742188
vt 0.601562 0.742188
vt 0.601562 0.750000
vt 0.578125 0.750000
vt 0.546875 0.289062
vt 0.554688 0.289062
vt 0.554688 0.296875
vt 0.546875 0.296875
vt 0.601562 0.734375
vt 0.578125 0.734375
vt 0.578125 0.726562
vt 0.601562 0.726562
vt 0.304688 0.414062
vt 0.281250 0.414062
vt 0.281250 0.421875
vt 0.304688 0.421875
vt 0.578125 0.710938
vt 0.601562 0.710938
vt 0.601562 0.718750
vt 0.578125 0.718750
vt 0.703125 0.445312
vt 0.710938 0.445312
vt 0.710938 0.453125
vt 0.703125 0.453125
vt 0.578125 0.679688
vt 0.601562 0.679688
vt 0.601562 0.687500
vt 0.578125 0.687500
vt 0.562500 0.289062
vt 0.570312 0.289062
vt 0.570312 0.296875
vt 0.562500 0.296875
vt 0.601562 0.671875
vt 0.578125 0.671875
vt 0.578125 0.664062
vt 0.601562 0.664062
vt 0.601562 0.648438
vt 0.578125 0.648438
vt 0.578125 0.656250
vt 0.601562 0.656250
vt 0.359375 0.414062
vt 0.382812 0.414062
vt 0.382812 0.421875
vt 0.359375 0.421875
vt 0.703125 0.429688
vt 0.710938 0.429688
vt 0.710938 0.437500
vt 0.703125 0.437500
vt 0.578125 0.632812
vt 0.601562 0.632812
vt 0.601562 0.640625
vt 0.578125 0.640625
vt 0.578125 0.289062
vt 0.585938 0.289062
vt 0.585938 0.296875
vt 0.578125 0.296875
vt 0.601562 0.625000
vt 0.578125 0.625000
vt 0.578125 0.617188
vt 0.601562 0.617188
vt 0.414062 0.414062
vt 0.390625 0.414062
vt 0.390625 0.421875
vt 0.414062 0.421875
vt 0.578125 0.601562
vt 0.601562 0.601562
vt 0.601562 0.609375
vt 0.578125 0.609375
vt 0.703125 0.414062
vt 0.710938 0.414062
vt 0.710938 0.421875
vt 0.703125 0.421875
vt 0.578125 0.585938
vt 0.601562 0.585938
vt 0.601562 0.593750
vt 0.578125 0.593750
vt 0.593750 0.289062
vt 0.601562 0.289062
vt 0.601562 0.296875
vt 0.593750 0.296875
vt 0.445312 0.421875
vt 0.421875 0.421875
vt 0.421875 0.414062
vt 0.445312 0.414062
vt 0.601562 0.570312
vt 0.578125 0.570312
vt 0.578125 0.578125
vt 0.601562 0.578125
vt 0.578125 0.554688
vt 0.601562 0.554688
vt 0.601562 0.562500
vt 0.578125 0.562500
vt 0.703125 0.398438
vt 0.710938 0.398438
vt 0.710938 0.406250
vt 0.703125 0.406250
vt 0.453125 0.414062
vt 0.476562 0.414062
vt 0.476562 0.421875
vt 0.453125 0.421875
vt 0.609375 0.289062
vt 0.617188 0.289062
vt 0.617188 0.296875
vt 0.609375 0.296875
vt 0.601562 0.546875
vt 0.578125 0.546875
vt 0.578125 0.539062
vt 0.601562 0.539062
vt 0.601562 0.523438
vt 0.578125 0.523438
vt 0.578125 0.531250
vt 0.601562 0.531250
vt 0.484375 0.414062
vt 0.507812 0.414062
vt 0.507812 0.421875
vt 0.484375 0.421875
vt 0.703125 0.382812
vt 0.710938 0.382812
vt 0.710938 0.390625
vt 0.703125 0.390625
vt 0.578125 0.507812
vt 0.601562 0.507812
vt 0.601562 0.515625
vt 0.578125 0.515625
vt 0.625000 0.289062
vt 0.632812 0.289062
vt 0.632812 0.296875
vt 0.625000 0.296875
vt 0.601562 0.500000
vt 0.578125 0.500000
vt 0.578125 0.492188
vt 0.601562 0.492188
vt 0.539062 0.414062
vt 0.515625 0.414062
vt 0.515625 0.421875
vt 0.539062 0.421875
vt 0.578125 0.476562
vt 0.601562 0.476562
vt 0.601562 0.484375
vt 0.578125 0.484375
vt 0.703125 0.367188
vt 0.710938 0.367188
vt 0.710938 0.375000
vt 0.703125 0.375000
vt 0.578125 0.460938
vt 0.601562 0.460938
vt 0.601562 0.468750
vt 0.578125 0.468750
vt 0.640625 0.289062
vt 0.648438 0.289062
vt 0.648438 0.296875
vt 0.640625 0.296875
vt 0.570312 0.421875
vt 0.546875 0.421875
vt 0.546875 0.414062
vt 0.570312 0.414062
vt 0.601562 0.445312
vt 0.578125 0.445312
vt 0.578125 0.453125
vt 0.601562 0.453125
vt 0.578125 0.429688
vt 0.601562 0.429688
vt 0.601562 0.437500
vt 0.578125 0.437500
vt 0.703125 0.351562
vt 0.710938 0.351562
vt 0.710938 0.359375
vt 0.703125 0.359375
vt 0.578125 0.414062
vt 0.601562 0.414062
vt 0.601562 0.421875
vt 0.578125 0.421875
vt 0.656250 0.289062
vt 0.664062 0.289062
vt 0.664062 0.296875
vt 0.656250 0.296875
vt 0.617188 1.000000
vt 0.593750 1.000000
vt 0.593750 0.992188
vt 0.617188 0.992188
vt 0.617188 0.976562
vt 0.593750 0.976562
vt 0.593750 0.984375
vt 0.617188 0.984375
vt 0.593750 0.960938
vt 0.617188 0.960938
vt 0.617188 0.968750
vt 0.593750 0.968750
vt 0.703125 0.335938
vt 0.710938 0.335938
vt 0.710938 0.343750
vt 0.703125 0.343750
vt 0.593750 0.945312
vt 0.617188 0.945312
vt 0.617188 0.953125
vt 0.593750 0.953125
vt 0.671875 0.289062
vt 0.679688 0.289062
vt 0.679688 0.296875
vt 0.671875 0.296875
vt 0.617188 0.875000
vt 0.593750 0.875000
vt 0.593750 0.867188
vt 0.617188 0.867188
vt 0.617188 0.851562
vt 0.593750 0.851562
vt 0.593750 0.859375
vt 0.617188 0.859375
vt 0.593750 0.835938
vt 0.617188 0.835938
vt 0.617188 0.843750
vt 0.593750 0.843750
vt 0.703125 0.320312
vt 0.710938 0.320312
vt 0.710938 0.328125
vt 0.703125 0.328125
vt 0.593750 0.820312
vt 0.617188 0.820312
vt 0.617188 0.828125
vt 0.593750 0.828125
vt 0.687500 0.289062
vt 0.695312 0.289062
vt 0.695312 0.296875
vt 0.687500 0.296875
vt 0.242188 0.406250
vt 0.218750 0.406250
vt 0.218750 0.398438
vt 0.242188 0.398438
vt 0.617188 0.773438
vt 0.593750 0.773438
vt 0.593750 0.781250
vt 0.617188 0.781250
vt 0.250000 0.398438
vt 0.273438 0.398438
vt 0.273438 0.406250
vt 0.250000 0.406250
vt 0.703125 0.304688
vt 0.710938 0.304688
vt 0.710938 0.312500
vt 0.703125 0.312500
vt 0.281250 0.398438
vt 0.304688 0.398438
vt 0.304688 0.406250
vt 0.281250 0.406250
vt 0.703125 0.289062
vt 0.710938 0.289062
vt 0.710938 0.296875
vt 0.703125 0.296875
vt 0.617188 0.703125
vt 0.593750 0.703125
vt 0.593750 0.695312
vt 0.617188 0.695312
vt 0.367188 0.398438
vt 0.343750 0.398438
vt 0.343750 0.406250
vt 0.367188 0.406250
vt 0.375000 0.398438
vt 0.398438 0.398438
vt 0.398438 0.406250
vt 0.375000 0.406250
vt 0.718750 0.992188
vt 0.734375 0.992188
vt 0.734375 1.000000
vt 0.718750 1.000000
vt 0.406250 0.398438
vt 0.429688 0.398438
vt 0.429688 0.406250
vt 0.406250 0.406250
vt 0.718750 0.976562
vt 0.734375 0.976562
vt 0.734375 0.984375
vt 0.718750 0.984375
vt 0.460938 0.406250
vt 0.437500 0.406250
vt 0.437500 0.398438
vt 0.460938 0.398438
vt 0.492188 0.398438
vt 0.468750 0.398438
vt 0.468750 0.406250
vt 0.492188 0.406250
vt 0.500000 0.398438
vt 0.523438 0.398438
vt 0.523438 0.406250
vt 0.500000 0.406250
vt 0.718750 0.960938
vt 0.726562 0.960938
vt 0.726562 0.968750
vt 0.718750 0.968750
vt 0.531250 0.398438
vt 0.554688 0.398438
vt 0.554688 0.406250
vt 0.531250 0.406250
vt 0.718750 0.945312
vt 0.726562 0.945312
vt 0.726562 0.953125
vt 0.718750 0.953125
vt 0.585938 0.406250
vt 0.562500 0.406250
vt 0.562500 0.398438
vt 0.585938 0.398438
vt 0.617188 0.398438
vt 0.593750 0.398438
vt 0.593750 0.406250
vt 0.617188 0.406250
vt 0.609375 0.929688
vt 0.632812 0.929688
vt 0.632812 0.937500
vt 0.609375 0.937500
vt 0.718750 0.929688
vt 0.726562 0.929688
vt 0.726562 0.937500
vt 0.718750 0.937500
vt 0.609375 0.914062
vt 0.632812 0.914062
vt 0.632812 0.921875
vt 0.609375 0.921875
vt 0.718750 0.914062
vt 0.726562 0.914062
vt 0.726562 0.921875
vt 0.718750 0.921875
vt 0.632812 0.906250
vt 0.609375 0.906250
vt 0.609375 0.898438
vt 0.632812 0.898438
vt 0.632812 0.882812
vt 0.609375 0.882812
vt 0.609375 0.890625
vt 0.632812 0.890625
vt 0.609375 0.804688
vt 0.632812 0.804688
vt 0.632812 0.812500
vt 0.609375 0.812500
vt 0.718750 0.898438
vt 0.726562 0.898438
vt 0.726562 0.906250
vt 0.718750 0.906250
vt 0.609375 0.789062
vt 0.632812 0.789062
vt 0.632812 0.796875
vt 0.609375 0.796875
vt 0.718750 0.882812
vt 0.726562 0.882812
vt 0.726562 0.890625
vt 0.718750 0.890625
vt 0.242188 0.390625
vt 0.218750 0.390625
vt 0.218750 0.382812
vt 0.242188 0.382812
vt 0.632812 0.757812
vt 0.609375 0.757812
vt 0.609375 0.765625
vt 0.718750 0.867188
vt 0.726562 0.867188
vt 0.726562 0.875000
vt 0.718750 0.875000
vt 0.718750 0.851562
vt 0.734375 0.851562
vt 0.734375 0.859375
vt 0.718750 0.859375
vt 0.718750 0.835938
vt 0.726562 0.835938
vt 0.726562 0.843750
vt 0.718750 0.843750
vt 0.718750 0.820312
vt 0.726562 0.820312
vt 0.726562 0.828125
vt 0.718750 0.828125
vt 0.726562 0.812500
vt 0.718750 0.812500
vt 0.718750 0.804688
vt 0.726562 0.804688
vt 0.726562 0.789062
vt 0.718750 0.789062
vt 0.718750 0.796875
vt 0.726562 0.796875
vt 0.250000 0.382812
vt 0.273438 0.382812
vt 0.273438 0.390625
vt 0.250000 0.390625
vt 0.218750 0.273438
vt 0.234375 0.273438
vt 0.234375 0.281250
vt 0.218750 0.281250
vt 0.609375 0.742188
vt 0.632812 0.742188
vt 0.632812 0.750000
vt 0.609375 0.750000
vt 0.718750 0.773438
vt 0.734375 0.773438
vt 0.734375 0.781250
vt 0.718750 0.781250
vt 0.632812 0.734375
vt 0.609375 0.734375
vt 0.609375 0.726562
vt 0.632812 0.726562
vt 0.304688 0.382812
vt 0.281250 0.382812
vt 0.281250 0.390625
vt 0.304688 0.390625
vt 0.609375 0.710938
vt 0.632812 0.710938
vt 0.632812 0.718750
vt 0.609375 0.718750
vt 0.242188 0.273438
vt 0.242188 0.281250
vt 0.609375 0.679688
vt 0.632812 0.679688
vt 0.609375 0.687500
vt 0.718750 0.757812
vt 0.726562 0.757812
vt 0.726562 0.765625
vt 0.718750 0.765625
vt 0.632812 0.671875
vt 0.609375 0.671875
vt 0.609375 0.664062
vt 0.632812 0.664062
vt 0.367188 0.382812
vt 0.343750 0.382812
vt 0.343750 0.390625
vt 0.367188 0.390625
vt 0.609375 0.648438
vt 0.632812 0.648438
vt 0.632812 0.656250
vt 0.609375 0.656250
vt 0.250000 0.273438
vt 0.257812 0.273438
vt 0.257812 0.281250
vt 0.250000 0.281250
vt 0.609375 0.632812
vt 0.632812 0.632812
vt 0.632812 0.640625
vt 0.609375 0.640625
vt 0.718750 0.742188
vt 0.726562 0.742188
vt 0.726562 0.750000
vt 0.718750 0.750000
vt 0.398438 0.390625
vt 0.375000 0.390625
vt 0.375000 0.382812
vt 0.398438 0.382812
vt 0.632812 0.617188
vt 0.609375 0.617188
vt 0.609375 0.625000
vt 0.632812 0.625000
vt 0.609375 0.601562
vt 0.632812 0.601562
vt 0.632812 0.609375
vt 0.609375 0.609375
vt 0.265625 0.273438
vt 0.273438 0.273438
vt 0.273438 0.281250
vt 0.265625 0.281250
vt 0.406250 0.382812
vt 0.429688 0.382812
vt 0.429688 0.390625
vt 0.406250 0.390625
vt 0.718750 0.726562
vt 0.726562 0.726562
vt 0.726562 0.734375
vt 0.718750 0.734375
vt 0.632812 0.593750
vt 0.609375 0.593750
vt 0.609375 0.585938
vt 0.632812 0.585938
vt 0.632812 0.570312
vt 0.609375 0.570312
vt 0.609375 0.578125
vt 0.632812 0.578125
vt 0.437500 0.382812
vt 0.460938 0.382812
vt 0.460938 0.390625
vt 0.437500 0.390625
vt 0.281250 0.273438
vt 0.289062 0.273438
vt 0.289062 0.281250
vt 0.281250 0.281250
vt 0.609375 0.554688
vt 0.632812 0.554688
vt 0.632812 0.562500
vt 0.609375 0.562500
vt 0.718750 0.710938
vt 0.726562 0.710938
vt 0.726562 0.718750
vt 0.718750 0.718750
vt 0.632812 0.546875
vt 0.609375 0.546875
vt 0.609375 0.539062
vt 0.632812 0.539062
vt 0.492188 0.382812
vt 0.468750 0.382812
vt 0.468750 0.390625
vt 0.492188 0.390625
vt 0.609375 0.523438
vt 0.632812 0.523438
vt 0.632812 0.531250
vt 0.609375 0.531250
vt 0.296875 0.273438
vt 0.304688 0.273438
vt 0.304688 0.281250
vt 0.296875 0.281250
vt 0.609375 0.507812
vt 0.632812 0.507812
vt 0.632812 0.515625
vt 0.609375 0.515625
vt 0.718750 0.695312
vt 0.726562 0.695312
vt 0.726562 0.703125
vt 0.718750 0.703125
vt 0.523438 0.390625
vt 0.500000 0.390625
vt 0.500000 0.382812
vt 0.523438 0.382812
vt 0.632812 0.492188
vt 0.609375 0.492188
vt 0.609375 0.500000
vt 0.632812 0.500000
vt 0.609375 0.476562
vt 0.632812 0.476562
vt 0.632812 0.484375
vt 0.609375 0.484375
vt 0.718750 0.679688
vt 0.726562 0.679688
vt 0.726562 0.687500
vt 0.718750 0.687500
vt 0.531250 0.382812
vt 0.554688 0.382812
vt 0.554688 0.390625
vt 0.531250 0.390625
vt 0.718750 0.664062
vt 0.726562 0.664062
vt 0.726562 0.671875
vt 0.718750 0.671875
vt 0.632812 0.468750
vt 0.609375 0.468750
vt 0.609375 0.460938
vt 0.632812 0.460938
vt 0.632812 0.445312
vt 0.609375 0.445312
vt 0.609375 0.453125
vt 0.632812 0.453125
vt 0.562500 0.382812
vt 0.585938 0.382812
vt 0.585938 0.390625
vt 0.562500 0.390625
vt 0.343750 0.273438
vt 0.359375 0.273438
vt 0.359375 0.281250
vt 0.343750 0.281250
vt 0.609375 0.429688
vt 0.632812 0.429688
vt 0.632812 0.437500
vt 0.609375 0.437500
vt 0.718750 0.648438
vt 0.734375 0.648438
vt 0.734375 0.656250
vt 0.718750 0.656250
vt 0.632812 0.421875
vt 0.609375 0.421875
vt 0.609375 0.414062
vt 0.632812 0.414062
vt 0.617188 0.382812
vt 0.593750 0.382812
vt 0.593750 0.390625
vt 0.617188 0.390625
vt 0.562500 0.367188
vt 0.578125 0.367188
vt 0.578125 0.375000
vt 0.562500 0.375000
vt 0.367188 0.273438
vt 0.367188 0.281250
vt 0.593750 0.367188
vt 0.593750 0.375000
vt 0.718750 0.632812
vt 0.726562 0.632812
vt 0.726562 0.640625
vt 0.718750 0.640625
vt 0.609375 0.375000
vt 0.609375 0.367188
vt 0.640625 0.398438
vt 0.625000 0.398438
vt 0.625000 0.406250
vt 0.640625 0.406250
vt 0.625000 0.367188
vt 0.625000 0.375000
vt 0.375000 0.273438
vt 0.382812 0.273438
vt 0.382812 0.281250
vt 0.375000 0.281250
vt 0.625000 0.382812
vt 0.640625 0.382812
vt 0.640625 0.390625
vt 0.625000 0.390625
vt 0.718750 0.617188
vt 0.726562 0.617188
vt 0.726562 0.625000
vt 0.718750 0.625000
vt 0.640625 0.375000
vt 0.640625 0.367188
vt 0.656250 0.992188
vt 0.640625 0.992188
vt 0.640625 1.000000
vt 0.656250 1.000000
vt 0.562500 0.273438
vt 0.570312 0.273438
vt 0.570312 0.281250
vt 0.562500 0.281250
vt 0.718750 0.429688
vt 0.726562 0.429688
vt 0.726562 0.437500
vt 0.718750 0.437500
vt 0.578125 0.273438
vt 0.585938 0.273438
vt 0.585938 0.281250
vt 0.578125 0.281250
vt 0.718750 0.414062
vt 0.726562 0.414062
vt 0.726562 0.421875
vt 0.718750 0.421875
vt 0.601562 0.281250
vt 0.593750 0.281250
vt 0.593750 0.273438
vt 0.601562 0.273438
vt 0.726562 0.398438
vt 0.718750 0.398438
vt 0.718750 0.406250
vt 0.726562 0.406250
vt 0.609375 0.273438
vt 0.617188 0.273438
vt 0.617188 0.281250
vt 0.609375 0.281250
vt 0.718750 0.382812
vt 0.726562 0.382812
vt 0.726562 0.390625
vt 0.718750 0.390625
vt 0.625000 0.273438
vt 0.632812 0.273438
vt 0.632812 0.281250
vt 0.625000 0.281250
vt 0.718750 0.367188
vt 0.726562 0.367188
vt 0.726562 0.375000
vt 0.718750 0.375000
vt 0.648438 0.281250
vt 0.640625 0.281250
vt 0.640625 0.273438
vt 0.648438 0.273438
vt 0.726562 0.351562
vt 0.718750 0.351562
vt 0.718750 0.359375
vt 0.726562 0.359375
vt 0.656250 0.273438
vt 0.664062 0.273438
vt 0.664062 0.281250
vt 0.656250 0.281250
vt 0.718750 0.335938
vt 0.726562 0.335938
vt 0.726562 0.343750
vt 0.718750 0.343750
vt 0.671875 0.273438
vt 0.679688 0.273438
vt 0.679688 0.281250
vt 0.671875 0.281250
vt 0.718750 0.320312
vt 0.726562 0.320312
vt 0.726562 0.328125
vt 0.718750 0.328125
vt 0.695312 0.281250
vt 0.687500 0.281250
vt 0.687500 0.273438
vt 0.695312 0.273438
vt 0.726562 0.304688
vt 0.718750 0.304688
vt 0.718750 0.312500
vt 0.726562 0.312500
vt 0.703125 0.273438
vt 0.710938 0.273438
vt 0.710938 0.281250
vt 0.703125 0.281250
vt 0.718750 0.289062
vt 0.726562 0.289062
vt 0.726562 0.296875
vt 0.718750 0.296875
vt 0.718750 0.273438
vt 0.726562 0.273438
vt 0.726562 0.281250
vt 0.718750 0.281250
vt 0.742188 0.992188
vt 0.742188 1.000000
vt 0.742188 0.984375
vt 0.742188 0.976562
vt 0.742188 0.960938
vt 0.734375 0.960938
vt 0.734375 0.968750
vt 0.742188 0.968750
vt 0.734375 0.945312
vt 0.742188 0.945312
vt 0.742188 0.953125
vt 0.734375 0.953125
vt 0.734375 0.929688
vt 0.742188 0.929688
vt 0.742188 0.937500
vt 0.734375 0.937500
vt 0.734375 0.914062
vt 0.742188 0.914062
vt 0.742188 0.921875
vt 0.734375 0.921875
vt 0.734375 0.898438
vt 0.750000 0.898438
vt 0.750000 0.906250
vt 0.734375 0.906250
vt 0.742188 0.890625
vt 0.734375 0.890625
vt 0.734375 0.882812
vt 0.742188 0.882812
vt 0.742188 0.867188
vt 0.734375 0.867188
vt 0.734375 0.875000
vt 0.742188 0.875000
vt 0.742188 0.851562
vt 0.742188 0.859375
vt 0.734375 0.835938
vt 0.742188 0.835938
vt 0.742188 0.843750
vt 0.734375 0.843750
vt 0.734375 0.820312
vt 0.742188 0.820312
vt 0.742188 0.828125
vt 0.734375 0.828125
vt 0.734375 0.804688
vt 0.750000 0.804688
vt 0.750000 0.812500
vt 0.734375 0.812500
vt 0.742188 0.796875
vt 0.734375 0.796875
vt 0.734375 0.789062
vt 0.742188 0.789062
vt 0.226562 0.257812
vt 0.218750 0.257812
vt 0.218750 0.265625
vt 0.226562 0.265625
vt 0.742188 0.773438
vt 0.742188 0.781250
vt 0.234375 0.257812
vt 0.242188 0.257812
vt 0.242188 0.265625
vt 0.234375 0.265625
vt 0.734375 0.757812
vt 0.742188 0.757812
vt 0.742188 0.765625
vt 0.734375 0.765625
vt 0.250000 0.257812
vt 0.257812 0.257812
vt 0.257812 0.265625
vt 0.250000 0.265625
vt 0.742188 0.750000
vt 0.734375 0.750000
vt 0.734375 0.742188
vt 0.742188 0.742188
vt 0.273438 0.257812
vt 0.265625 0.257812
vt 0.265625 0.265625
vt 0.273438 0.265625
vt 0.734375 0.726562
vt 0.742188 0.726562
vt 0.742188 0.734375
vt 0.734375 0.734375
vt 0.281250 0.257812
vt 0.289062 0.257812
vt 0.289062 0.265625
vt 0.281250 0.265625
vt 0.734375 0.710938
vt 0.742188 0.710938
vt 0.742188 0.718750
vt 0.734375 0.718750
vt 0.296875 0.257812
vt 0.304688 0.257812
vt 0.304688 0.265625
vt 0.296875 0.265625
vt 0.742188 0.703125
vt 0.734375 0.703125
vt 0.734375 0.695312
vt 0.742188 0.695312
vt 0.742188 0.679688
vt 0.734375 0.679688
vt 0.734375 0.687500
vt 0.742188 0.687500
vt 0.734375 0.664062
vt 0.742188 0.664062
vt 0.742188 0.671875
vt 0.734375 0.671875
vt 0.343750 0.257812
vt 0.351562 0.257812
vt 0.351562 0.265625
vt 0.343750 0.265625
vt 0.742188 0.648438
vt 0.742188 0.656250
vt 0.359375 0.257812
vt 0.367188 0.257812
vt 0.367188 0.265625
vt 0.359375 0.265625
vt 0.742188 0.640625
vt 0.734375 0.640625
vt 0.734375 0.632812
vt 0.742188 0.632812
vt 0.382812 0.257812
vt 0.375000 0.257812
vt 0.375000 0.265625
vt 0.382812 0.265625
vt 0.734375 0.617188
vt 0.742188 0.617188
vt 0.742188 0.625000
vt 0.734375 0.625000
vt 0.390625 0.257812
vt 0.398438 0.257812
vt 0.398438 0.265625
vt 0.390625 0.265625
vt 0.734375 0.601562
vt 0.742188 0.601562
vt 0.742188 0.609375
vt 0.734375 0.609375
vt 0.406250 0.257812
vt 0.414062 0.257812
vt 0.414062 0.265625
vt 0.406250 0.265625
vt 0.742188 0.593750
vt 0.734375 0.593750
vt 0.734375 0.585938
vt 0.742188 0.585938
vt 0.429688 0.257812
vt 0.421875 0.257812
vt 0.421875 0.265625
vt 0.429688 0.265625
vt 0.750000 0.335938
vt 0.773438 0.335938
vt 0.773438 0.343750
vt 0.750000 0.343750
vt 0.750000 0.289062
vt 0.757812 0.289062
vt 0.757812 0.296875
vt 0.750000 0.296875
vt 0.750000 0.320312
vt 0.773438 0.320312
vt 0.773438 0.328125
vt 0.750000 0.328125
vt 0.718750 0.242188
vt 0.726562 0.242188
vt 0.726562 0.250000
vt 0.718750 0.250000
vt 0.710938 0.250000
vt 0.687500 0.250000
vt 0.687500 0.242188
vt 0.710938 0.242188
vt 0.773438 0.304688
vt 0.750000 0.304688
vt 0.750000 0.312500
vt 0.773438 0.312500
vt 0.625000 0.242188
vt 0.648438 0.242188
vt 0.648438 0.250000
vt 0.625000 0.250000
vt 0.734375 0.507812
vt 0.742188 0.507812
vt 0.742188 0.515625
vt 0.734375 0.515625
vt 0.750000 0.367188
vt 0.773438 0.367188
vt 0.773438 0.375000
vt 0.750000 0.375000
vt 0.500000 0.257812
vt 0.507812 0.257812
vt 0.507812 0.265625
vt 0.500000 0.265625
vt 0.773438 0.359375
vt 0.750000 0.359375
vt 0.750000 0.351562
vt 0.773438 0.351562
vt 0.679688 0.242188
vt 0.656250 0.242188
vt 0.656250 0.250000
vt 0.679688 0.250000
vt 0.281250 0.335938
vt 0.304688 0.335938
vt 0.304688 0.343750
vt 0.281250 0.343750
vt 0.687500 0.304688
vt 0.695312 0.304688
vt 0.695312 0.312500
vt 0.687500 0.312500
vt 0.593750 0.242188
vt 0.617188 0.242188
vt 0.617188 0.250000
vt 0.593750 0.250000
vt 0.703125 0.992188
vt 0.710938 0.992188
vt 0.710938 1.000000
vt 0.703125 1.000000
vt 0.773438 0.406250
vt 0.750000 0.406250
vt 0.750000 0.398438
vt 0.773438 0.398438
vt 0.773438 0.382812
vt 0.750000 0.382812
vt 0.750000 0.390625
vt 0.773438 0.390625
vt 0.546875 0.898438
vt 0.570312 0.898438
vt 0.570312 0.906250
vt 0.546875 0.906250
vt 0.656250 0.710938
vt 0.664062 0.710938
vt 0.664062 0.718750
vt 0.656250 0.718750
vt 0.546875 0.882812
vt 0.570312 0.882812
vt 0.570312 0.890625
vt 0.546875 0.890625
vt 0.656250 0.695312
vt 0.664062 0.695312
vt 0.664062 0.703125
vt 0.656250 0.703125
vt 0.570312 0.812500
vt 0.546875 0.812500
vt 0.546875 0.804688
vt 0.570312 0.804688
vt 0.570312 0.789062
vt 0.546875 0.789062
vt 0.546875 0.796875
vt 0.570312 0.796875
vt 0.421875 0.859375
vt 0.445312 0.859375
vt 0.445312 0.875000
vt 0.421875 0.875000
vt 0.375000 0.625000
vt 0.421875 0.625000
vt 0.421875 0.640625
vt 0.375000 0.640625
vt 0.421875 0.843750
vt 0.445312 0.843750
vt 0.375000 0.609375
vt 0.421875 0.609375
vt 0.382812 0.812500
vt 0.359375 0.773438
vt 0.382812 0.773438
vt 0.382812 0.726562
vt 0.359375 0.726562
vt 0.359375 0.765625
vt 0.382812 0.765625
vt 0.343750 0.703125
vt 0.359375 0.703125
vt 0.343750 1.000000
vt 0.218750 0.703125
vt 0.257812 0.703125
vt 0.257812 1.000000
vt 0.218750 1.000000
vt 0.359375 0.406250
vt 0.265625 0.703125
vt 0.304688 0.703125
vt 0.304688 1.000000
vt 0.265625 1.000000
vt 0.406250 1.000000
vt 0.390625 1.000000
vt 0.390625 0.960938
vt 0.406250 0.960938
vt 0.406250 0.914062
vt 0.390625 0.914062
vt 0.390625 0.953125
vt 0.406250 0.953125
vt 0.421875 0.828125
vt 0.445312 0.828125
vt 0.500000 0.359375
vt 0.507812 0.359375
vt 0.507812 0.375000
vt 0.500000 0.375000
vt 0.421875 0.812500
vt 0.445312 0.812500
vt 0.515625 0.359375
vt 0.523438 0.359375
vt 0.523438 0.375000
vt 0.515625 0.375000
vt 0.554688 1.000000
vt 0.531250 1.000000
vt 0.531250 0.992188
vt 0.554688 0.992188
vt 0.554688 0.976562
vt 0.531250 0.976562
vt 0.531250 0.984375
vt 0.554688 0.984375
vt 0.421875 0.796875
vt 0.445312 0.796875
vt 0.531250 0.359375
vt 0.539062 0.359375
vt 0.539062 0.375000
vt 0.531250 0.375000
vt 0.421875 0.781250
vt 0.445312 0.781250
vt 0.546875 0.359375
vt 0.554688 0.359375
vt 0.554688 0.375000
vt 0.546875 0.375000
vt 0.554688 0.968750
vt 0.531250 0.968750
vt 0.531250 0.960938
vt 0.554688 0.960938
vt 0.554688 0.945312
vt 0.531250 0.945312
vt 0.531250 0.953125
vt 0.554688 0.953125
vt 0.531250 0.867188
vt 0.554688 0.867188
vt 0.554688 0.875000
vt 0.531250 0.875000
vt 0.640625 0.304688
vt 0.656250 0.304688
vt 0.656250 0.312500
vt 0.640625 0.312500
vt 0.531250 0.851562
vt 0.554688 0.851562
vt 0.554688 0.859375
vt 0.531250 0.859375
vt 0.687500 0.351562
vt 0.687500 0.359375
vt 0.554688 0.843750
vt 0.531250 0.843750
vt 0.531250 0.835938
vt 0.554688 0.835938
vt 0.554688 0.820312
vt 0.531250 0.820312
vt 0.531250 0.828125
vt 0.554688 0.828125
vt 0.406250 0.742188
vt 0.429688 0.742188
vt 0.429688 0.765625
vt 0.406250 0.765625
vt 0.531250 0.789062
vt 0.539062 0.789062
vt 0.539062 0.812500
vt 0.531250 0.812500
vt 0.406250 0.664062
vt 0.429688 0.664062
vt 0.429688 0.687500
vt 0.406250 0.687500
vt 0.218750 0.445312
vt 0.226562 0.445312
vt 0.226562 0.468750
vt 0.218750 0.468750
vt 0.554688 0.781250
vt 0.531250 0.781250
vt 0.531250 0.773438
vt 0.554688 0.773438
vt 0.257812 0.460938
vt 0.234375 0.460938
vt 0.234375 0.468750
vt 0.257812 0.468750
vt 0.406250 0.585938
vt 0.429688 0.585938
vt 0.429688 0.609375
vt 0.406250 0.609375
vt 0.531250 0.742188
vt 0.539062 0.742188
vt 0.539062 0.765625
vt 0.531250 0.765625
vt 0.421875 0.976562
vt 0.445312 0.976562
vt 0.445312 1.000000
vt 0.421875 1.000000
vt 0.265625 0.445312
vt 0.273438 0.445312
vt 0.273438 0.468750
vt 0.265625 0.468750
vt 0.304688 0.468750
vt 0.281250 0.468750
vt 0.281250 0.460938
vt 0.304688 0.460938
vt 0.554688 0.695312
vt 0.531250 0.695312
vt 0.531250 0.703125
vt 0.554688 0.703125
vt 0.359375 0.460938
vt 0.382812 0.460938
vt 0.382812 0.468750
vt 0.359375 0.468750
vt 0.664062 0.304688
vt 0.664062 0.312500
vt 0.390625 0.460938
vt 0.414062 0.460938
vt 0.414062 0.468750
vt 0.390625 0.468750
vt 0.687500 0.335938
vt 0.695312 0.335938
vt 0.695312 0.343750
vt 0.687500 0.343750
vt 0.445312 0.468750
vt 0.421875 0.468750
vt 0.421875 0.460938
vt 0.445312 0.460938
vt 0.476562 0.460938
vt 0.453125 0.460938
vt 0.453125 0.468750
vt 0.476562 0.468750
vt 0.484375 0.460938
vt 0.507812 0.460938
vt 0.507812 0.468750
vt 0.484375 0.468750
vt 0.671875 0.304688
vt 0.679688 0.304688
vt 0.679688 0.312500
vt 0.671875 0.312500
vt 0.515625 0.460938
vt 0.539062 0.460938
vt 0.539062 0.468750
vt 0.515625 0.468750
vt 0.687500 0.320312
vt 0.695312 0.320312
vt 0.695312 0.328125
vt 0.687500 0.328125
vt 0.570312 0.937500
vt 0.546875 0.937500
vt 0.546875 0.929688
vt 0.570312 0.929688
vt 0.570312 0.914062
vt 0.546875 0.914062
vt 0.546875 0.921875
vt 0.570312 0.921875
vt 0.234375 0.445312
vt 0.257812 0.445312
vt 0.257812 0.453125
vt 0.234375 0.453125
vt 0.703125 0.976562
vt 0.710938 0.976562
vt 0.710938 0.984375
vt 0.703125 0.984375
vt 0.546875 0.757812
vt 0.570312 0.757812
vt 0.570312 0.765625
vt 0.546875 0.765625
vt 0.703125 0.960938
vt 0.710938 0.960938
vt 0.710938 0.968750
vt 0.703125 0.968750
vt 0.570312 0.750000
vt 0.546875 0.750000
vt 0.546875 0.742188
vt 0.570312 0.742188
vt 0.570312 0.726562
vt 0.546875 0.726562
vt 0.546875 0.734375
vt 0.570312 0.734375
vt 0.281250 0.445312
vt 0.304688 0.445312
vt 0.304688 0.453125
vt 0.281250 0.453125
vt 0.703125 0.945312
vt 0.710938 0.945312
vt 0.710938 0.953125
vt 0.703125 0.953125
vt 0.546875 0.710938
vt 0.570312 0.710938
vt 0.570312 0.718750
vt 0.546875 0.718750
vt 0.703125 0.929688
vt 0.710938 0.929688
vt 0.710938 0.937500
vt 0.703125 0.937500
vt 0.570312 0.687500
vt 0.546875 0.687500
vt 0.546875 0.679688
vt 0.570312 0.679688
vt 0.570312 0.664062
vt 0.546875 0.664062
vt 0.546875 0.671875
vt 0.570312 0.671875
vt 0.546875 0.648438
vt 0.570312 0.648438
vt 0.570312 0.656250
vt 0.546875 0.656250
vt 0.703125 0.914062
vt 0.710938 0.914062
vt 0.710938 0.921875
vt 0.703125 0.921875
vt 0.359375 0.445312
vt 0.382812 0.445312
vt 0.382812 0.453125
vt 0.359375 0.453125
vt 0.703125 0.898438
vt 0.710938 0.898438
vt 0.710938 0.906250
vt 0.703125 0.906250
vt 0.570312 0.640625
vt 0.546875 0.640625
vt 0.546875 0.632812
vt 0.570312 0.632812
vt 0.570312 0.617188
vt 0.546875 0.617188
vt 0.546875 0.625000
vt 0.570312 0.625000
vt 0.390625 0.445312
vt 0.414062 0.445312
vt 0.414062 0.453125
vt 0.390625 0.453125
vt 0.703125 0.882812
vt 0.710938 0.882812
vt 0.710938 0.890625
vt 0.703125 0.890625
vt 0.546875 0.601562
vt 0.570312 0.601562
vt 0.570312 0.609375
vt 0.546875 0.609375
vt 0.703125 0.867188
vt 0.710938 0.867188
vt 0.710938 0.875000
vt 0.703125 0.875000
vt 0.570312 0.593750
vt 0.546875 0.593750
vt 0.546875 0.585938
vt 0.570312 0.585938
vt 0.445312 0.445312
vt 0.421875 0.445312
vt 0.421875 0.453125
vt 0.445312 0.453125
vt 0.546875 0.570312
vt 0.570312 0.570312
vt 0.570312 0.578125
vt 0.546875 0.578125
vt 0.703125 0.851562
vt 0.710938 0.851562
vt 0.710938 0.859375
vt 0.703125 0.859375
vt 0.546875 0.554688
vt 0.570312 0.554688
vt 0.570312 0.562500
vt 0.546875 0.562500
vt 0.703125 0.835938
vt 0.710938 0.835938
vt 0.710938 0.843750
vt 0.703125 0.843750
vt 0.476562 0.453125
vt 0.453125 0.453125
vt 0.453125 0.445312
vt 0.476562 0.445312
vt 0.570312 0.539062
vt 0.546875 0.539062
vt 0.546875 0.546875
vt 0.570312 0.546875
vt 0.546875 0.523438
vt 0.570312 0.523438
vt 0.570312 0.531250
vt 0.546875 0.531250
vt 0.703125 0.820312
vt 0.710938 0.820312
vt 0.710938 0.828125
vt 0.703125 0.828125
vt 0.484375 0.445312
vt 0.507812 0.445312
vt 0.507812 0.453125
vt 0.484375 0.453125
vt 0.703125 0.804688
vt 0.710938 0.804688
vt 0.710938 0.812500
vt 0.703125 0.812500
vt 0.570312 0.515625
vt 0.546875 0.515625
vt 0.546875 0.507812
vt 0.570312 0.507812
vt 0.570312 0.492188
vt 0.546875 0.492188
vt 0.546875 0.500000
vt 0.570312 0.500000
vt 0.515625 0.445312
vt 0.539062 0.445312
vt 0.539062 0.453125
vt 0.515625 0.453125
vt 0.703125 0.789062
vt 0.710938 0.789062
vt 0.710938 0.796875
vt 0.703125 0.796875
vt 0.546875 0.476562
vt 0.570312 0.476562
vt 0.570312 0.484375
vt 0.546875 0.484375
vt 0.218750 0.289062
vt 0.226562 0.289062
vt 0.226562 0.296875
vt 0.218750 0.296875
vt 0.570312 0.468750
vt 0.546875 0.468750
vt 0.546875 0.460938
vt 0.570312 0.460938
vt 0.570312 0.445312
vt 0.546875 0.445312
vt 0.546875 0.453125
vt 0.570312 0.453125
vt 0.562500 0.992188
vt 0.585938 0.992188
vt 0.585938 1.000000
vt 0.562500 1.000000
vt 0.703125 0.773438
vt 0.710938 0.773438
vt 0.710938 0.781250
vt 0.703125 0.781250
vt 0.562500 0.976562
vt 0.585938 0.976562
vt 0.585938 0.984375
vt 0.562500 0.984375
vt 0.234375 0.289062
vt 0.242188 0.289062
vt 0.242188 0.296875
vt 0.234375 0.296875
vt 0.585938 0.968750
vt 0.562500 0.968750
vt 0.562500 0.960938
vt 0.585938 0.960938
vt 0.585938 0.945312
vt 0.562500 0.945312
vt 0.562500 0.953125
vt 0.585938 0.953125
vt 0.562500 0.867188
vt 0.585938 0.867188
vt 0.585938 0.875000
vt 0.562500 0.875000
vt 0.703125 0.757812
vt 0.710938 0.757812
vt 0.710938 0.765625
vt 0.703125 0.765625
vt 0.562500 0.851562
vt 0.585938 0.851562
vt 0.585938 0.859375
vt 0.562500 0.859375
vt 0.250000 0.289062
vt 0.257812 0.289062
vt 0.257812 0.296875
vt 0.250000 0.296875
vt 0.585938 0.843750
vt 0.562500 0.843750
vt 0.562500 0.835938
vt 0.585938 0.835938
vt 0.585938 0.820312
vt 0.562500 0.820312
vt 0.562500 0.828125
vt 0.585938 0.828125
vt 0.218750 0.429688
vt 0.242188 0.429688
vt 0.242188 0.437500
vt 0.218750 0.437500
vt 0.710938 0.742188
vt 0.710938 0.750000
vt 0.562500 0.773438
vt 0.585938 0.773438
vt 0.585938 0.781250
vt 0.562500 0.781250
vt 0.265625 0.289062
vt 0.273438 0.289062
vt 0.273438 0.296875
vt 0.265625 0.296875
vt 0.273438 0.437500
vt 0.250000 0.437500
vt 0.250000 0.429688
vt 0.273438 0.429688
vt 0.304688 0.429688
vt 0.281250 0.429688
vt 0.281250 0.437500
vt 0.304688 0.437500
vt 0.562500 0.695312
vt 0.585938 0.695312
vt 0.585938 0.703125
vt 0.562500 0.703125
vt 0.703125 0.726562
vt 0.710938 0.726562
vt 0.710938 0.734375
vt 0.703125 0.734375
vt 0.359375 0.429688
vt 0.382812 0.429688
vt 0.382812 0.437500
vt 0.359375 0.437500
vt 0.281250 0.289062
vt 0.289062 0.289062
vt 0.289062 0.296875
vt 0.281250 0.296875
vt 0.414062 0.437500
vt 0.390625 0.437500
vt 0.390625 0.429688
vt 0.414062 0.429688
vt 0.445312 0.429688
vt 0.421875 0.429688
vt 0.421875 0.437500
vt 0.445312 0.437500
vt 0.453125 0.429688
vt 0.476562 0.429688
vt 0.476562 0.437500
vt 0.453125 0.437500
vt 0.703125 0.710938
vt 0.710938 0.710938
vt 0.710938 0.718750
vt 0.703125 0.718750
vt 0.484375 0.429688
vt 0.507812 0.429688
vt 0.507812 0.437500
vt 0.484375 0.437500
vt 0.296875 0.289062
vt 0.304688 0.289062
vt 0.304688 0.296875
vt 0.296875 0.296875
vt 0.539062 0.437500
vt 0.515625 0.437500
vt 0.515625 0.429688
vt 0.539062 0.429688
vt 0.570312 0.429688
vt 0.546875 0.429688
vt 0.546875 0.437500
vt 0.570312 0.437500
vt 0.578125 0.929688
vt 0.601562 0.929688
vt 0.601562 0.937500
vt 0.578125 0.937500
vt 0.703125 0.695312
vt 0.710938 0.695312
vt 0.710938 0.703125
vt 0.703125 0.703125
vt 0.578125 0.914062
vt 0.601562 0.914062
vt 0.601562 0.921875
vt 0.578125 0.921875
vt 0.703125 0.679688
vt 0.710938 0.679688
vt 0.710938 0.687500
vt 0.703125 0.687500
vt 0.601562 0.906250
vt 0.578125 0.906250
vt 0.578125 0.898438
vt 0.601562 0.898438
vt 0.601562 0.882812
vt 0.578125 0.882812
vt 0.578125 0.890625
vt 0.601562 0.890625
vt 0.578125 0.804688
vt 0.601562 0.804688
vt 0.601562 0.812500
vt 0.578125 0.812500
vt 0.703125 0.664062
vt 0.710938 0.664062
vt 0.710938 0.671875
vt 0.703125 0.671875
vt 0.578125 0.789062
vt 0.601562 0.789062
vt 0.601562 0.796875
vt 0.578125 0.796875
vt 0.343750 0.289062
vt 0.351562 0.289062
vt 0.351562 0.296875
vt 0.343750 0.296875
vt 0.242188 0.421875
vt 0.218750 0.421875
vt 0.218750 0.414062
vt 0.242188 0.414062
vt 0.601562 0.757812
vt 0.578125 0.757812
vt 0.578125 0.765625
vt 0.601562 0.765625
vt 0.765625 0.976562
vt 0.789062 0.976562
vt 0.789062 0.984375
vt 0.765625 0.984375
vt 0.765625 0.898438
vt 0.773438 0.898438
vt 0.773438 0.906250
vt 0.765625 0.906250
vt 0.765625 0.960938
vt 0.789062 0.960938
vt 0.789062 0.968750
vt 0.765625 0.968750
vt 0.109375 0.226562
vt 0.117188 0.226562
vt 0.117188 0.234375
vt 0.109375 0.234375
vt 0.789062 0.953125
vt 0.765625 0.953125
vt 0.765625 0.945312
vt 0.789062 0.945312
vt 0.789062 0.929688
vt 0.765625 0.929688
vt 0.765625 0.937500
vt 0.789062 0.937500
vt 0.750000 0.273438
vt 0.773438 0.273438
vt 0.773438 0.281250
vt 0.750000 0.281250
vt 0.765625 0.914062
vt 0.773438 0.914062
vt 0.773438 0.921875
vt 0.765625 0.921875
vt 0.734375 0.242188
vt 0.757812 0.242188
vt 0.757812 0.250000
vt 0.734375 0.250000
vt 0.093750 0.226562
vt 0.101562 0.226562
vt 0.101562 0.234375
vt 0.093750 0.234375
vt 0.773438 0.265625
vt 0.750000 0.265625
vt 0.750000 0.257812
vt 0.773438 0.257812
vt 0.789062 0.992188
vt 0.765625 0.992188
vt 0.765625 1.000000
vt 0.789062 1.000000
s 1
usemtl m_b2595316-4466-992c-84c3-0428e2ebf3d3.001
f 4/1/1 7/2/1 5/3/1 2/4/1
f 3/5/2 4/6/2 2/7/2 1/8/2
f 8/9/3 3/10/3 1/11/3 6/12/3
f 7/13/4 8/14/4 6/15/4 5/16/4
f 6/17/5 1/18/5 2/19/5 5/20/5
f 7/21/6 4/22/6 3/23/6 8/24/6
f 12/25/7 15/26/7 13/27/7 10/28/7
f 11/29/2 12/30/2 10/31/2 9/32/2
f 16/33/8 11/34/8 9/35/8 14/36/8
f 15/37/4 16/38/4 14/30/4 13/29/4
f 14/39/5 9/40/5 10/41/5 13/42/5
f 15/43/6 12/44/6 11/45/6 16/46/6
f 20/47/9 23/48/9 21/49/9 18/50/9
f 19/51/2 20/52/2 18/48/2 17/47/2
f 24/53/10 19/54/10 17/55/10 22/56/10
f 23/57/4 24/58/4 22/59/4 21/60/4
f 22/61/11 17/62/11 18/63/11 21/64/11
f 23/65/12 20/66/12 19/67/12 24/68/12
f 28/69/13 31/70/13 29/71/13 26/72/13
f 27/73/2 28/74/2 26/75/2 25/76/2
f 32/77/14 27/78/14 25/79/14 30/80/14
f 31/81/4 32/82/4 30/83/4 29/84/4
f 30/85/15 25/86/15 26/87/15 29/88/15
f 31/89/16 28/90/16 27/91/16 32/92/16
f 36/93/7 39/94/7 37/95/7 34/96/7
f 35/97/2 36/98/2 34/99/2 33/100/2
f 40/101/3 35/102/3 33/103/3 38/104/3
f 39/105/4 40/106/4 38/107/4 37/108/4
f 38/109/5 33/110/5 34/111/5 37/112/5
f 39/113/6 36/114/6 35/115/6 40/116/6
f 44/117/13 47/118/13 45/119/13 42/120/13
f 43/121/2 44/122/2 42/123/2 41/124/2
f 48/125/10 43/126/10 41/127/10 46/128/10
f 47/129/4 48/130/4 46/131/4 45/132/4
f 46/133/11 41/134/11 42/135/11 45/136/11
f 47/137/17 44/138/17 43/139/17 48/140/17
f 52/141/7 55/142/7 53/143/7 50/144/7
f 51/145/2 52/146/2 50/147/2 49/148/2
f 56/149/8 51/150/8 49/151/8 54/152/8
f 55/153/4 56/154/4 54/155/4 53/156/4
f 54/157/18 49/158/18 50/159/18 53/160/18
f 55/161/19 52/162/19 51/163/19 56/164/19
f 60/165/9 63/166/9 61/167/9 58/168/9
f 59/169/2 60/170/2 58/171/2 57/172/2
f 64/173/10 59/174/10 57/175/10 62/176/10
f 63/177/4 64/178/4 62/179/4 61/180/4
f 62/181/11 57/182/11 58/183/11 61/184/11
f 63/185/12 60/186/12 59/187/12 64/188/12
f 68/189/20 71/190/20 69/191/20 66/192/20
f 67/193/2 68/194/2 66/195/2 65/196/2
f 72/197/21 67/198/21 65/199/21 70/200/21
f 71/201/4 72/202/4 70/203/4 69/204/4
f 70/205/22 65/206/22 66/207/22 69/208/22
f 71/209/23 68/210/23 67/211/23 72/212/23
f 76/213/9 79/214/9 77/215/9 74/216/9
f 75/217/2 76/218/2 74/219/2 73/220/2
f 80/221/10 75/222/10 73/223/10 78/224/10
f 79/225/4 80/226/4 78/227/4 77/228/4
f 78/229/11 73/230/11 74/231/11 77/232/11
f 79/233/17 76/234/17 75/235/17 80/236/17
f 84/237/7 87/238/7 85/239/7 82/240/7
f 83/241/2 84/242/2 82/243/2 81/244/2
f 88/245/8 83/246/8 81/247/8 86/248/8
f 87/249/4 88/250/4 86/251/4 85/252/4
f 86/253/18 81/254/18 82/255/18 85/256/18
f 87/257/24 84/258/24 83/259/24 88/260/24
f 92/261/25 95/262/25 93/263/25 90/264/25
f 91/265/2 92/266/2 90/267/2 89/268/2
f 96/269/26 91/270/26 89/271/26 94/272/26
f 95/273/4 96/274/4 94/275/4 93/276/4
f 94/277/27 89/278/27 90/279/27 93/280/27
f 95/281/28 92/282/28 91/283/28 96/284/28
f 100/285/1 103/286/1 101/287/1 98/288/1
f 99/289/2 100/290/2 98/291/2 97/292/2
f 104/293/3 99/294/3 97/295/3 102/296/3
f 103/297/4 104/298/4 102/299/4 101/300/4
f 102/301/18 97/302/18 98/303/18 101/304/18
f 103/305/6 100/306/6 99/307/6 104/308/6
f 108/309/25 111/310/25 109/311/25 106/312/25
f 107/313/2 108/314/2 106/315/2 105/316/2
f 112/317/26 107/318/26 105/319/26 110/320/26
f 111/321/4 112/322/4 110/323/4 109/324/4
f 110/325/29 105/326/29 106/327/29 109/328/29
f 111/329/24 108/330/24 107/331/24 112/332/24
f 116/333/25 119/334/25 117/335/25 114/336/25
f 115/337/2 116/338/2 114/339/2 113/340/2
f 120/341/26 115/342/26 113/343/26 118/344/26
f 119/345/4 120/346/4 118/347/4 117/348/4
f 118/349/29 113/350/29 114/351/29 117/352/29
f 119/353/19 116/354/19 115/355/19 120/356/19
f 124/357/30 127/358/30 125/359/30 122/360/30
f 123/361/2 124/362/2 122/363/2 121/364/2
f 128/365/31 123/366/31 121/367/31 126/368/31
f 127/369/4 128/370/4 126/371/4 125/372/4
f 126/373/32 121/374/32 122/375/32 125/376/32
f 127/377/33 124/378/33 123/379/33 128/380/33
f 132/381/34 135/382/34 133/383/34 130/384/34
f 131/385/2 132/386/2 130/387/2 129/388/2
f 136/389/35 131/390/35 129/391/35 134/392/35
f 135/393/4 136/394/4 134/395/4 133/396/4
f 134/397/36 129/398/36 130/399/36 133/400/36
f 135/401/37 132/402/37 131/403/37 136/404/37
f 140/405/25 143/406/25 141/407/25 138/408/25
f 139/409/2 140/410/2 138/411/2 137/412/2
f 144/413/26 139/414/26 137/415/26 142/416/26
f 143/417/4 144/418/4 142/419/4 141/420/4
f 142/421/29 137/422/29 138/423/29 141/424/29
f 143/425/24 140/426/24 139/427/24 144/428/24
f 148/429/38 151/430/38 149/431/38 146/432/38
f 147/433/2 148/434/2 146/435/2 145/436/2
f 152/437/39 147/438/39 145/439/39 150/440/39
f 151/441/4 152/442/4 150/443/4 149/444/4
f 150/445/40 145/446/40 146/447/40 149/448/40
f 151/449/41 148/450/41 147/451/41 152/452/41
f 156/453/42 159/454/42 157/455/42 154/456/42
f 155/457/2 156/458/2 154/459/2 153/460/2
f 160/461/43 155/462/43 153/463/43 158/464/43
f 159/465/4 160/466/4 158/467/4 157/468/4
f 158/469/44 153/470/44 154/471/44 157/472/44
f 159/473/45 156/474/45 155/475/45 160/476/45
f 164/477/25 167/478/25 165/479/25 162/480/25
f 163/481/2 164/482/2 162/483/2 161/484/2
f 168/485/21 163/486/21 161/487/21 166/33/21
f 167/488/4 168/489/4 166/490/4 165/491/4
f 166/492/29 161/493/29 162/494/29 165/495/29
f 167/496/6 164/497/6 163/498/6 168/499/6
f 172/500/25 175/501/25 173/54/25 170/502/25
f 171/503/2 172/504/2 170/505/2 169/506/2
f 176/507/21 171/508/21 169/509/21 174/510/21
f 175/511/4 176/512/4 174/513/4 173/514/4
f 174/515/29 169/516/29 170/517/29 173/518/29
f 175/519/6 172/520/6 171/57/6 176/521/6
f 180/522/25 183/523/25 181/524/25 178/525/25
f 179/504/2 180/526/2 178/527/2 177/505/2
f 184/528/46 179/529/46 177/530/46 182/531/46
f 183/532/4 184/533/4 182/534/4 181/535/4
f 182/536/47 177/537/47 178/538/47 181/539/47
f 183/540/19 180/541/19 179/542/19 184/543/19
f 188/544/1 191/545/1 189/546/1 186/547/1
f 187/548/2 188/549/2 186/550/2 185/551/2
f 192/552/3 187/553/3 185/554/3 190/555/3
f 191/556/4 192/557/4 190/558/4 189/559/4
f 190/560/5 185/561/5 186/562/5 189/563/5
f 191/564/19 188/565/19 187/566/19 192/567/19
f 196/568/1 199/569/1 197/570/1 194/571/1
f 195/572/2 196/573/2 194/574/2 193/575/2
f 200/576/3 195/577/3 193/578/3 198/579/3
f 199/580/4 200/581/4 198/582/4 197/583/4
f 198/584/18 193/585/18 194/586/18 197/587/18
f 199/588/6 196/589/6 195/590/6 200/591/6
f 204/592/48 207/593/48 205/594/48 202/595/48
f 203/596/2 204/597/2 202/598/2 201/599/2
f 208/600/49 203/601/49 201/602/49 206/603/49
f 207/604/4 208/605/4 206/606/4 205/607/4
f 206/608/50 201/609/50 202/610/50 205/611/50
f 207/612/51 204/613/51 203/614/51 208/615/51
f 212/616/52 215/617/52 213/618/52 210/619/52
f 211/620/2 212/621/2 210/622/2 209/623/2
f 216/624/53 211/625/53 209/626/53 214/627/53
f 215/628/4 216/629/4 214/630/4 213/631/4
f 214/632/54 209/633/54 210/634/54 213/635/54
f 215/636/55 212/637/55 211/638/55 216/639/55
f 220/640/56 223/641/56 221/642/56 218/643/56
f 219/644/2 220/645/2 218/646/2 217/647/2
f 224/648/53 219/649/53 217/650/53 222/651/53
f 223/652/4 224/653/4 222/654/4 221/655/4
f 222/656/54 217/657/54 218/658/54 221/659/54
f 223/660/55 220/661/55 219/662/55 224/663/55
f 228/664/57 231/665/57 229/666/57 226/667/57
f 227/668/2 228/669/2 226/670/2 225/671/2
f 232/672/58 227/673/58 225/674/58 230/675/58
f 231/676/4 232/677/4 230/678/4 229/679/4
f 230/680/59 225/681/59 226/682/59 229/683/59
f 231/684/60 228/685/60 227/686/60 232/687/60
f 236/688/61 239/689/61 237/690/61 234/691/61
f 235/692/2 236/693/2 234/694/2 233/695/2
f 240/696/62 235/697/62 233/698/62 238/699/62
f 239/700/4 240/701/4 238/702/4 237/703/4
f 238/704/63 233/705/63 234/706/63 237/707/63
f 239/708/64 236/709/64 235/710/64 240/711/64
f 244/712/65 247/713/65 245/714/65 242/715/65
f 243/716/2 244/717/2 242/718/2 241/719/2
f 248/720/66 243/721/66 241/722/66 246/723/66
f 247/724/4 248/725/4 246/726/4 245/727/4
f 246/728/67 241/729/67 242/730/67 245/731/67
f 247/732/68 244/733/68 243/734/68 248/735/68
f 252/736/57 255/737/57 253/738/57 250/739/57
f 251/740/2 252/741/2 250/742/2 249/743/2
f 256/744/69 251/745/69 249/746/69 254/747/69
f 255/748/4 256/749/4 254/750/4 253/751/4
f 254/752/70 249/753/70 250/754/70 253/755/70
f 255/756/71 252/757/71 251/758/71 256/759/71
f 260/760/48 263/761/48 261/762/48 258/763/48
f 259/764/2 260/765/2 258/766/2 257/767/2
f 264/768/72 259/769/72 257/770/72 262/771/72
f 263/772/4 264/773/4 262/774/4 261/775/4
f 262/776/73 257/777/73 258/778/73 261/779/73
f 263/780/74 260/781/74 259/782/74 264/783/74
f 268/784/75 271/785/75 269/786/75 266/787/75
f 267/788/2 268/789/2 266/790/2 265/791/2
f 272/792/76 267/793/76 265/794/76 270/795/76
f 271/796/4 272/797/4 270/798/4 269/799/4
f 270/800/77 265/801/77 266/802/77 269/803/77
f 271/804/78 268/805/78 267/806/78 272/807/78
f 276/808/61 279/809/61 277/810/61 274/811/61
f 275/812/2 276/813/2 274/814/2 273/815/2
f 280/816/79 275/817/79 273/818/79 278/819/79
f 279/820/4 280/821/4 278/822/4 277/823/4
f 278/824/63 273/825/63 274/826/63 277/827/63
f 279/828/64 276/829/64 275/830/64 280/831/64
f 284/832/80 287/833/80 285/834/80 282/835/80
f 283/836/2 284/837/2 282/838/2 281/839/2
f 288/840/81 283/841/81 281/842/81 286/843/81
f 287/844/4 288/845/4 286/846/4 285/847/4
f 286/848/82 281/849/82 282/850/82 285/851/82
f 287/852/83 284/853/83 283/854/83 288/855/83
f 292/856/84 295/857/84 293/858/84 290/859/84
f 291/860/2 292/861/2 290/862/2 289/863/2
f 296/864/85 291/865/85 289/866/85 294/867/85
f 295/868/4 296/869/4 294/870/4 293/871/4
f 294/872/86 289/873/86 290/874/86 293/875/86
f 295/876/87 292/877/87 291/878/87 296/879/87
f 300/533/88 303/880/88 301/881/88 298/534/88
f 299/882/2 300/883/2 298/884/2 297/885/2
f 304/886/89 299/887/89 297/888/89 302/889/89
f 303/890/4 304/891/4 302/892/4 301/893/4
f 302/894/90 297/895/90 298/896/90 301/897/90
f 303/898/91 300/899/91 299/900/91 304/901/91
f 308/902/92 311/903/92 309/904/92 306/905/92
f 307/906/2 308/907/2 306/908/2 305/909/2
f 312/910/93 307/911/93 305/912/93 310/913/93
f 311/914/4 312/915/4 310/916/4 309/917/4
f 310/918/94 305/919/94 306/920/94 309/921/94
f 311/922/95 308/923/95 307/924/95 312/925/95
f 316/926/96 319/927/96 317/928/96 314/929/96
f 315/930/2 316/931/2 314/932/2 313/933/2
f 320/934/97 315/935/97 313/936/97 318/937/97
f 319/938/4 320/939/4 318/940/4 317/941/4
f 318/942/32 313/943/32 314/944/32 317/945/32
f 319/946/98 316/947/98 315/948/98 320/949/98
f 324/950/99 327/951/99 325/952/99 322/953/99
f 323/954/2 324/955/2 322/956/2 321/957/2
f 328/958/35 323/959/35 321/960/35 326/961/35
f 327/962/4 328/963/4 326/964/4 325/965/4
f 326/966/100 321/967/100 322/968/100 325/969/100
f 327/970/101 324/971/101 323/972/101 328/973/101
f 332/974/102 335/975/102 333/976/102 330/977/102
f 331/978/2 332/979/2 330/980/2 329/981/2
f 336/982/39 331/983/39 329/984/39 334/985/39
f 335/986/4 336/987/4 334/988/4 333/989/4
f 334/990/103 329/991/103 330/992/103 333/993/103
f 335/994/104 332/995/104 331/996/104 336/997/104
f 340/998/42 343/999/42 341/1000/42 338/1001/42
f 339/1002/2 340/1003/2 338/1004/2 337/1005/2
f 344/1006/43 339/1007/43 337/1008/43 342/1009/43
f 343/1010/4 344/1011/4 342/1012/4 341/1013/4
f 342/1014/105 337/1015/105 338/1016/105 341/1017/105
f 343/1018/45 340/1019/45 339/1020/45 344/1021/45
f 348/1022/106 351/1023/106 349/1024/106 346/1025/106
f 347/1026/2 348/1027/2 346/1028/2 345/1029/2
f 352/1030/107 347/1031/107 345/1032/107 350/1033/107
f 351/1034/4 352/1035/4 350/1036/4 349/1037/4
f 350/1038/86 345/1039/86 346/1040/86 349/1041/86
f 351/1042/108 348/1043/108 347/1044/108 352/1045/108
f 356/1046/109 359/1047/109 357/1048/109 354/1049/109
f 355/1050/2 356/1051/2 354/1052/2 353/1053/2
f 360/1054/110 355/1055/110 353/1056/110 358/1057/110
f 359/1058/4 360/1059/4 358/1060/4 357/1061/4
f 358/1062/111 353/1063/111 354/1064/111 357/1065/111
f 359/1066/83 356/1067/83 355/1068/83 360/1069/83
f 364/1070/88 367/1071/88 365/1072/88 362/1073/88
f 363/1074/2 364/1075/2 362/1076/2 361/1077/2
f 368/1078/89 363/1079/89 361/1080/89 366/1081/89
f 367/1082/4 368/1083/4 366/1084/4 365/1085/4
f 366/1086/112 361/1087/112 362/1088/112 365/1089/112
f 367/1090/113 364/1091/113 363/1092/113 368/1093/113
f 372/1094/92 375/1095/92 373/1096/92 370/1097/92
f 371/1098/2 372/1099/2 370/1100/2 369/1101/2
f 376/1102/93 371/1103/93 369/1104/93 374/1105/93
f 375/1106/4 376/1107/4 374/1108/4 373/1109/4
f 374/1110/94 369/1111/94 370/1112/94 373/1113/94
f 375/1114/114 372/1115/114 371/1116/114 376/1117/114
f 380/1118/88 383/1119/88 381/1120/88 378/1121/88
f 379/1122/2 380/1123/2 378/1124/2 377/1125/2
f 384/1126/89 379/1127/89 377/1128/89 382/1129/89
f 383/1130/4 384/1131/4 382/1132/4 381/1133/4
f 382/1134/115 377/1135/115 378/1136/115 381/1137/115
f 383/1138/113 380/1139/113 379/1140/113 384/1141/113
f 388/1142/80 391/1143/80 389/1144/80 386/1145/80
f 387/1146/2 388/1147/2 386/1148/2 385/1149/2
f 392/1150/81 387/1151/81 385/1152/81 390/1153/81
f 391/1154/4 392/1155/4 390/1156/4 389/1157/4
f 390/1158/82 385/1159/82 386/1160/82 389/1161/82
f 391/1162/116 388/1163/116 387/1164/116 392/1165/116
f 396/1166/117 399/1167/117 397/1168/117 394/1169/117
f 395/1170/2 396/1171/2 394/1172/2 393/1173/2
f 400/1174/85 395/1175/85 393/1176/85 398/1177/85
f 399/1178/4 400/1179/4 398/1180/4 397/1181/4
f 398/1182/118 393/1183/118 394/1184/118 397/1185/118
f 399/1186/119 396/1187/119 395/1188/119 400/1189/119
f 404/1190/120 407/1191/120 405/1192/120 402/1193/120
f 403/1194/2 404/1195/2 402/1196/2 401/1197/2
f 408/1198/121 403/1199/121 401/1200/121 406/1201/121
f 407/1202/4 408/1203/4 406/1204/4 405/1205/4
f 406/1206/22 401/1207/22 402/1208/22 405/1209/22
f 407/1210/19 404/1211/19 403/1212/19 408/1213/19
f 412/1214/38 415/1215/38 413/1216/38 410/1217/38
f 411/1218/2 412/1219/2 410/1220/2 409/1221/2
f 416/1222/122 411/1223/122 409/1224/122 414/1225/122
f 415/1226/4 416/1227/4 414/1228/4 413/1229/4
f 414/1230/103 409/1231/103 410/1232/103 413/1233/103
f 415/1234/123 412/1235/123 411/1236/123 416/1237/123
f 420/1238/42 423/1239/42 421/1240/42 418/1241/42
f 419/1242/2 420/1243/2 418/1244/2 417/1245/2
f 424/1246/43 419/1247/43 417/1248/43 422/1249/43
f 423/1250/4 424/1251/4 422/1252/4 421/1253/4
f 422/1254/44 417/1255/44 418/1256/44 421/1257/44
f 423/1258/45 420/1259/45 419/1260/45 424/1261/45
f 428/1262/124 431/1263/124 429/1264/124 426/1265/124
f 427/1266/2 428/1267/2 426/1268/2 425/1269/2
f 432/1270/35 427/1271/35 425/1272/35 430/1273/35
f 431/1274/4 432/1275/4 430/1276/4 429/1277/4
f 430/1278/125 425/1279/125 426/1280/125 429/1281/125
f 431/1282/101 428/1283/101 427/1284/101 432/142/101
f 436/1285/120 439/1286/120 437/1287/120 434/1288/120
f 435/1289/2 436/1290/2 434/1291/2 433/1292/2
f 440/1293/126 435/1294/126 433/1295/126 438/1296/126
f 439/1297/4 440/1298/4 438/1299/4 437/1300/4
f 438/1301/5 433/1302/5 434/1303/5 437/1304/5
f 439/1305/6 436/1306/6 435/1307/6 440/1308/6
f 444/1309/20 447/1310/20 445/1311/20 442/1312/20
f 443/1313/2 444/1314/2 442/1315/2 441/1316/2
f 448/1317/121 443/1318/121 441/1319/121 446/1320/121
f 447/1321/4 448/1322/4 446/1323/4 445/1324/4
f 446/1325/18 441/1326/18 442/1327/18 445/1328/18
f 447/1329/6 444/1330/6 443/1331/6 448/1332/6
f 452/1333/20 455/1334/20 453/1335/20 450/1336/20
f 451/1314/2 452/1337/2 450/1338/2 449/1315/2
f 456/1339/121 451/1340/121 449/146/121 454/1341/121
f 455/1342/4 456/1343/4 454/1344/4 453/1345/4
f 454/1346/29 449/1347/29 450/1348/29 453/1349/29
f 455/1350/24 452/1351/24 451/1352/24 456/1353/24
f 460/1354/127 463/1355/127 461/1356/127 458/1357/127
f 459/1358/2 460/1359/2 458/1360/2 457/1361/2
f 464/1362/21 459/1363/21 457/1364/21 462/1365/21
f 463/1366/4 464/1367/4 462/1368/4 461/1369/4
f 462/1370/47 457/1371/47 458/1372/47 461/1373/47
f 463/1374/24 460/1375/24 459/1376/24 464/1377/24
f 468/1378/120 471/1379/120 469/1380/120 466/1381/120
f 467/1382/2 468/1383/2 466/1384/2 465/1385/2
f 472/1386/121 467/1387/121 465/1388/121 470/1389/121
f 471/1390/4 472/1391/4 470/1392/4 469/1393/4
f 470/1394/29 465/1395/29 466/1396/29 469/1397/29
f 471/1398/128 468/1399/128 467/1400/128 472/1401/128
f 476/1402/20 479/1403/20 477/1404/20 474/1405/20
f 475/1406/2 476/1407/2 474/1408/2 473/1409/2
f 480/1410/121 475/1411/121 473/1412/121 478/1413/121
f 479/1414/4 480/1415/4 478/1416/4 477/1417/4
f 478/1418/29 473/1419/29 474/1420/29 477/1421/29
f 479/1422/24 476/1423/24 475/1424/24 480/1425/24
f 484/1426/120 487/1427/120 485/1428/120 482/1429/120
f 483/1430/2 484/1431/2 482/1432/2 481/1433/2
f 488/1434/21 483/1435/21 481/1436/21 486/1437/21
f 487/1438/4 488/1439/4 486/1440/4 485/1441/4
f 486/1442/129 481/1443/129 482/1444/129 485/1445/129
f 487/1446/6 484/1447/6 483/1448/6 488/1449/6
f 492/1450/120 495/1451/120 493/1452/120 490/1453/120
f 491/1454/2 492/1455/2 490/1456/2 489/1457/2
f 496/1458/26 491/1459/26 489/1460/26 494/1461/26
f 495/1462/4 496/1463/4 494/1464/4 493/1465/4
f 494/1466/22 489/1467/22 490/1468/22 493/1469/22
f 495/1470/23 492/1471/23 491/1472/23 496/1473/23
f 500/1474/130 503/1475/130 501/1476/130 498/1477/130
f 499/1478/2 500/1479/2 498/1480/2 497/1481/2
f 504/1482/131 499/1483/131 497/1484/131 502/1485/131
f 503/1486/4 504/1487/4 502/1488/4 501/1489/4
f 502/1490/18 497/1491/18 498/1492/18 501/1493/18
f 503/1494/24 500/1495/24 499/1496/24 504/1497/24
f 508/1498/56 511/1499/56 509/1500/56 506/1501/56
f 507/1479/2 508/1502/2 506/1503/2 505/1480/2
f 512/1499/53 507/1504/53 505/1505/53 510/1500/53
f 511/1506/4 512/1507/4 510/1508/4 509/1509/4
f 510/1510/54 505/1505/54 506/1504/54 509/1511/54
f 511/1512/55 508/1513/55 507/1514/55 512/1515/55
f 516/1511/56 519/1516/56 517/1517/56 514/1510/56
f 515/1518/2 516/1519/2 514/1520/2 513/1521/2
f 520/1522/53 515/1523/53 513/1524/53 518/1525/53
f 519/1526/4 520/1527/4 518/1528/4 517/1529/4
f 518/1530/54 513/1517/54 514/1516/54 517/1531/54
f 519/1532/55 516/1533/55 515/1534/55 520/1535/55
f 524/1536/30 527/1537/30 525/1538/30 522/1539/30
f 523/1540/2 524/1541/2 522/1542/2 521/1543/2
f 528/1544/31 523/1545/31 521/1546/31 526/1547/31
f 527/1548/4 528/1549/4 526/1550/4 525/1551/4
f 526/1552/32 521/1553/32 522/1554/32 525/1555/32
f 527/1556/33 524/1557/33 523/1558/33 528/1559/33
f 532/1560/34 535/1561/34 533/1562/34 530/1563/34
f 531/1564/2 532/1565/2 530/1566/2 529/1567/2
f 536/1568/132 531/1569/132 529/1570/132 534/1571/132
f 535/1572/4 536/1573/4 534/1574/4 533/1575/4
f 534/1576/36 529/1577/36 530/1578/36 533/1579/36
f 535/1580/37 532/1581/37 531/1582/37 536/1583/37
f 540/1584/42 543/1585/42 541/1586/42 538/1587/42
f 539/1588/2 540/1589/2 538/1590/2 537/1591/2
f 544/1592/43 539/1593/43 537/1594/43 542/1595/43
f 543/1596/4 544/1597/4 542/1598/4 541/1599/4
f 542/1600/44 537/1601/44 538/1602/44 541/1603/44
f 543/1604/45 540/1605/45 539/1606/45 544/1607/45
f 548/1608/38 551/1609/38 549/1610/38 546/1611/38
f 547/1612/2 548/1613/2 546/1614/2 545/1615/2
f 552/1616/39 547/1617/39 545/1618/39 550/1619/39
f 551/1195/4 552/1620/4 550/1621/4 549/1196/4
f 550/1622/40 545/1204/40 546/1203/40 549/1623/40
f 551/1624/41 548/1625/41 547/1626/41 552/1627/41
f 556/1628/120 559/1629/120 557/1630/120 554/1631/120
f 555/1632/2 556/1633/2 554/1634/2 553/1635/2
f 560/1636/126 555/1637/126 553/1638/126 558/1639/126
f 559/1640/4 560/1641/4 558/1642/4 557/1643/4
f 558/1644/18 553/1645/18 554/1646/18 557/1647/18
f 559/1648/6 556/1649/6 555/1650/6 560/1651/6
f 564/1290/25 567/1652/25 565/1653/25 562/1291/25
f 563/1654/2 564/1655/2 562/1656/2 561/1657/2
f 568/1658/26 563/1659/26 561/1660/26 566/1661/26
f 567/1662/4 568/1663/4 566/1664/4 565/1665/4
f 566/1666/29 561/1667/29 562/1668/29 565/1669/29
f 567/1670/24 564/1671/24 563/1672/24 568/1673/24
f 572/1322/84 575/1674/84 573/1675/84 570/1323/84
f 571/1676/2 572/1677/2 570/1678/2 569/1679/2
f 576/1680/85 571/1681/85 569/1682/85 574/1683/85
f 575/1684/4 576/1685/4 574/1686/4 573/1687/4
f 574/1688/86 569/1689/86 570/1690/86 573/1691/86
f 575/1692/87 572/1693/87 571/1694/87 576/1695/87
f 580/1696/88 583/1697/88 581/1698/88 578/1699/88
f 579/1700/2 580/1701/2 578/1702/2 577/1703/2
f 584/1704/89 579/1705/89 577/1706/89 582/1707/89
f 583/1708/4 584/1709/4 582/1710/4 581/1711/4
f 582/1712/90 577/1713/90 578/1714/90 581/1715/90
f 583/1716/91 580/1717/91 579/1718/91 584/1719/91
f 588/1720/80 591/1721/80 589/1722/80 586/1723/80
f 587/1724/2 588/1725/2 586/1726/2 585/1727/2
f 592/1487/81 587/1728/81 585/1729/81 590/1488/81
f 591/1730/4 592/1731/4 590/1732/4 589/1733/4
f 590/1734/82 585/1735/82 586/1736/82 589/1737/82
f 591/1738/83 588/1739/83 587/1740/83 592/1741/83
f 596/1742/92 599/1743/92 597/1744/92 594/1745/92
f 595/1746/2 596/1747/2 594/1748/2 593/1749/2
f 600/1750/93 595/1751/93 593/1752/93 598/1753/93
f 599/1754/4 600/1755/4 598/1756/4 597/1757/4
f 598/1758/94 593/1759/94 594/1760/94 597/1761/94
f 599/1762/95 596/1763/95 595/1764/95 600/1765/95
f 604/1766/30 607/1767/30 605/1768/30 602/1769/30
f 603/1770/2 604/1771/2 602/1772/2 601/1773/2
f 608/1774/133 603/1775/133 601/1776/133 606/1777/133
f 607/1778/4 608/1779/4 606/1780/4 605/1781/4
f 606/1782/134 601/1783/134 602/1784/134 605/1785/134
f 607/1786/98 604/1787/98 603/1788/98 608/1789/98
f 612/1790/135 615/1791/135 613/1792/135 610/1793/135
f 611/1794/2 612/1795/2 610/1796/2 609/1797/2
f 616/1798/136 611/1799/136 609/1800/136 614/1801/136
f 615/1802/4 616/1803/4 614/1804/4 613/1805/4
f 614/1806/137 609/1807/137 610/1808/137 613/1809/137
f 615/1810/114 612/1811/114 611/1812/114 616/1813/114
f 620/1814/138 623/1815/138 621/1816/138 618/1817/138
f 619/1818/2 620/1819/2 618/1820/2 617/1821/2
f 624/1822/93 619/1823/93 617/1824/93 622/1825/93
f 623/1826/4 624/1827/4 622/1828/4 621/1829/4
f 622/1830/94 617/1831/94 618/1832/94 621/1833/94
f 623/1834/139 620/1835/139 619/1836/139 624/1837/139
f 628/1838/96 631/1839/96 629/1840/96 626/1841/96
f 627/1842/2 628/1843/2 626/1844/2 625/1845/2
f 632/1846/31 627/1847/31 625/1848/31 630/1849/31
f 631/1850/4 632/1851/4 630/1852/4 629/1853/4
f 630/1854/140 625/1855/140 626/1856/140 629/1857/140
f 631/1858/141 628/1859/141 627/1860/141 632/1861/141
f 636/1862/1 639/1863/1 637/1864/1 634/1865/1
f 635/1866/2 636/1867/2 634/1868/2 633/1869/2
f 640/1870/3 635/1871/3 633/1863/3 638/1862/3
f 639/1872/4 640/1873/4 638/1867/4 637/1866/4
f 638/1874/18 633/37/18 634/1875/18 637/1876/18
f 639/1877/6 636/1878/6 635/1879/6 640/1880/6
f 644/1881/1 647/1882/1 645/302/1 642/1883/1
f 643/1884/2 644/1885/2 642/1886/2 641/1887/2
f 648/1188/3 643/1888/3 641/1882/3 646/1881/3
f 647/1889/4 648/1890/4 646/1891/4 645/1892/4
f 646/1893/18 641/1894/18 642/1895/18 645/1896/18
f 647/1897/19 644/1898/19 643/1899/19 648/1900/19
f 652/1901/7 655/1902/7 653/1871/7 650/1870/7
f 651/1903/142 652/1904/142 650/1905/142 649/1906/142
f 656/1907/3 651/1908/3 649/1902/3 654/1901/3
f 655/1909/4 656/1910/4 654/1911/4 653/1912/4
f 654/1913/5 649/1914/5 650/1915/5 653/1916/5
f 655/1917/128 652/1918/128 651/1919/128 656/1920/128
f 660/1921/1 663/1922/1 661/1908/1 658/1907/1
f 659/1923/2 660/1924/2 658/1925/2 657/1926/2
f 664/1927/3 659/1928/3 657/1922/3 662/1921/3
f 663/1929/4 664/1930/4 662/1931/4 661/1932/4
f 662/1933/5 657/1934/5 658/1935/5 661/1936/5
f 663/1937/19 660/1938/19 659/1939/19 664/1940/19
f 668/1941/25 671/1942/25 669/1943/25 666/1944/25
f 667/1945/2 668/1946/2 666/1947/2 665/1948/2
f 672/1949/8 667/1950/8 665/1951/8 670/1952/8
f 671/1953/4 672/1098/4 670/1101/4 669/1954/4
f 670/1955/18 665/1956/18 666/1957/18 669/1958/18
f 671/1959/6 668/1960/6 667/1961/6 672/1962/6
f 676/1963/143 679/1964/143 677/1965/143 674/1966/143
f 675/1967/2 676/1968/2 674/1969/2 673/1970/2
f 680/1971/144 675/1972/144 673/1973/144 678/1974/144
f 679/1975/4 680/1976/4 678/1977/4 677/1978/4
f 678/1979/145 673/1980/145 674/1981/145 677/1982/145
f 679/1983/146 676/1984/146 675/1985/146 680/1986/146
f 684/1987/147 687/1988/147 685/1989/147 682/1990/147
f 683/1991/2 684/1992/2 682/1993/2 681/1994/2
f 688/1995/148 683/1996/148 681/1997/148 686/1998/148
f 687/1999/4 688/2000/4 686/2001/4 685/2002/4
f 686/2003/149 681/2004/149 682/2005/149 685/2006/149
f 687/2007/150 684/2008/150 683/2009/150 688/2010/150
f 692/2011/7 695/2012/7 693/2013/7 690/2014/7
f 691/1946/2 692/2015/2 690/2016/2 689/1947/2
f 696/2017/8 691/2018/8 689/2019/8 694/2020/8
f 695/2021/4 696/2022/4 694/2023/4 693/2024/4
f 694/2025/129 689/2026/129 690/2027/129 693/2028/129
f 695/2029/128 692/2030/128 691/2031/128 696/2032/128
f 700/2033/7 703/2034/7 701/2035/7 698/2036/7
f 699/2037/2 700/2038/2 698/2039/2 697/2040/2
f 704/2041/8 699/2042/8 697/2043/8 702/2044/8
f 703/2045/4 704/2046/4 702/2047/4 701/2048/4
f 702/2049/18 697/2050/18 698/2051/18 701/2052/18
f 703/2053/6 700/2054/6 699/2055/6 704/2056/6
f 708/2057/1 711/2058/1 709/2059/1 706/2060/1
f 707/2061/2 708/2062/2 706/2063/2 705/2064/2
f 712/2065/3 707/2066/3 705/2067/3 710/2068/3
f 711/2069/4 712/2070/4 710/2071/4 709/2072/4
f 710/2073/18 705/2074/18 706/2075/18 709/2076/18
f 711/2077/6 708/2078/6 707/2079/6 712/2080/6
f 716/2081/1 719/2082/1 717/2083/1 714/2084/1
f 715/2085/2 716/2086/2 714/2087/2 713/2088/2
f 720/2089/3 715/2090/3 713/2091/3 718/2092/3
f 719/2093/4 720/2094/4 718/2095/4 717/2096/4
f 718/2097/18 713/2098/18 714/2099/18 717/2100/18
f 719/2101/6 716/2102/6 715/2103/6 720/2104/6
f 724/2105/151 727/2106/151 725/2107/151 722/2108/151
f 723/2109/2 724/2110/2 722/2111/2 721/2112/2
f 728/2113/152 723/2114/152 721/2115/152 726/2116/152
f 727/2117/4 728/2118/4 726/2119/4 725/2120/4
f 726/2121/153 721/2122/153 722/2123/153 725/2124/153
f 727/2125/154 724/2126/154 723/2127/154 728/2128/154
f 732/2129/155 735/2130/155 733/2131/155 730/2132/155
f 731/2133/2 732/2134/2 730/2135/2 729/2136/2
f 736/2137/156 731/2138/156 729/2139/156 734/2140/156
f 735/2141/4 736/2142/4 734/2143/4 733/2144/4
f 734/2145/157 729/2146/157 730/2147/157 733/2148/157
f 735/2149/158 732/2150/158 731/2151/158 736/2152/158
f 740/2153/159 743/2154/159 741/2155/159 738/2156/159
f 739/2157/2 740/2158/2 738/2159/2 737/2160/2
f 744/2161/160 739/2162/160 737/2163/160 742/2164/160
f 743/2165/4 744/2166/4 742/2167/4 741/2168/4
f 742/2169/161 737/2170/161 738/2171/161 741/2172/161
f 743/2173/162 740/2174/162 739/2175/162 744/2176/162
f 748/2177/163 751/2178/163 749/2179/163 746/2180/163
f 747/2181/2 748/2182/2 746/2183/2 745/2184/2
f 752/2185/164 747/2186/164 745/2187/164 750/2188/164
f 751/2189/4 752/2190/4 750/2191/4 749/2192/4
f 750/2193/165 745/2194/165 746/2195/165 749/2196/165
f 751/2197/166 748/2198/166 747/2199/166 752/2200/166
f 756/2201/52 759/2202/52 757/2203/52 754/2204/52
f 755/2205/2 756/2206/2 754/2207/2 753/2208/2
f 760/2209/167 755/2210/167 753/2211/167 758/2212/167
f 759/2213/4 760/2214/4 758/2215/4 757/2216/4
f 758/2217/54 753/2218/54 754/2219/54 757/2220/54
f 759/2221/55 756/2222/55 755/2223/55 760/2224/55
f 764/2225/52 767/2226/52 765/2227/52 762/2228/52
f 763/2229/2 764/2230/2 762/2231/2 761/2232/2
f 768/2233/167 763/2234/167 761/2235/167 766/2236/167
f 767/2237/4 768/2238/4 766/2239/4 765/2240/4
f 766/2241/54 761/2242/54 762/2243/54 765/2244/54
f 767/2245/55 764/2246/55 763/2247/55 768/2248/55
f 772/2249/168 775/2250/168 773/2251/168 770/2252/168
f 771/2253/142 772/2254/142 770/2255/142 769/2256/142
f 776/2257/169 771/2258/169 769/2259/169 774/2260/169
f 775/2261/4 776/2262/4 774/2263/4 773/2264/4
f 774/2265/170 769/2266/170 770/2267/170 773/2268/170
f 775/2269/171 772/2270/171 771/2271/171 776/2272/171
f 780/2273/172 783/2274/172 781/2275/172 778/2276/172
f 779/410/2 780/2277/2 778/2278/2 777/411/2
f 784/2279/173 779/2280/173 777/2281/173 782/2282/173
f 783/2283/4 784/2284/4 782/2285/4 781/2286/4
f 782/2287/174 777/2288/174 778/2289/174 781/2290/174
f 783/2291/175 780/2292/175 779/2293/175 784/2294/175
f 788/2295/1 791/2296/1 789/2297/1 786/2298/1
f 787/2299/2 788/2300/2 786/2301/2 785/2302/2
f 792/2303/3 787/2304/3 785/2305/3 790/2306/3
f 791/2307/4 792/2308/4 790/2309/4 789/2310/4
f 790/2311/129 785/2312/129 786/2313/129 789/2314/129
f 791/2315/23 788/2316/23 787/2317/23 792/2318/23
f 796/2319/1 799/2320/1 797/2321/1 794/2322/1
f 795/2323/2 796/2324/2 794/2325/2 793/2326/2
f 800/2327/3 795/2328/3 793/2329/3 798/2330/3
f 799/2331/4 800/2332/4 798/2333/4 797/2334/4
f 798/2335/18 793/2336/18 794/2337/18 797/2338/18
f 799/2339/6 796/2340/6 795/2341/6 800/2342/6
f 804/2343/1 807/2344/1 805/2345/1 802/2346/1
f 803/2347/2 804/2348/2 802/2349/2 801/2350/2
f 808/2351/3 803/2352/3 801/2353/3 806/2354/3
f 807/2355/4 808/2356/4 806/2357/4 805/2358/4
f 806/2359/22 801/2360/22 802/2361/22 805/2362/22
f 807/2363/128 804/2364/128 803/2365/128 808/2366/128
f 812/2367/1 815/2368/1 813/2369/1 810/2370/1
f 811/2371/2 812/2372/2 810/2373/2 809/2374/2
f 816/2375/46 811/2376/46 809/2377/46 814/2378/46
f 815/2379/4 816/2380/4 814/2381/4 813/2382/4
f 814/2383/18 809/2384/18 810/2385/18 813/2386/18
f 815/2387/128 812/2388/128 811/2389/128 816/2390/128
f 820/2391/1 823/2392/1 821/2393/1 818/2394/1
f 819/2395/2 820/2396/2 818/2397/2 817/2398/2
f 824/2399/3 819/2400/3 817/2401/3 822/2402/3
f 823/2403/4 824/2404/4 822/2405/4 821/2406/4
f 822/2407/176 817/2408/176 818/2409/176 821/2410/176
f 823/2411/177 820/2412/177 819/2413/177 824/2414/177
f 828/2415/1 831/2416/1 829/2417/1 826/2418/1
f 827/2419/2 828/2420/2 826/2421/2 825/2422/2
f 832/2423/3 827/2424/3 825/2425/3 830/2426/3
f 831/2427/4 832/2428/4 830/2429/4 829/2430/4
f 830/2431/178 825/2432/178 826/2433/178 829/2434/178
f 831/2435/179 828/2436/179 827/2437/179 832/2438/179
